Group,Mouse,Day,Rec.Session,Trial,File,Site,Cell_ID,GCID,Cell_TYPE,% Bad WF,Peak mV,Swing mV,Width usec,Amp. Assym,RMS,train_Nspk,train_FRpeak,train_FRmean,train % ISI < 2ms,train_CSI_swing,train_CSI_peaks,train_Lratio,train_Isol.D,train_ISI_mode_ms,train_ISI_mean_ms,B_num_total,B_num_per_min,B_ibi_sec,B_dur_msec,Nspk_B_Nspk_train_ratio,Spk_per_burst,2,3,4,5,6,7,8,9,10,11,12,13,14,15,16,17,18,19,20,Unnamed: 51,Group_Label
SST_hM3D,D12-IS215,DAY01,DAY01_2021-03-02_14-24-54,02_S1,TT1_cut,CA1,1,2152454101,PYR_nWf,9.7626,0.2768,0.4342,181.1024,-0.2748,0.118,2612,33.0602,1.049,0.0,31.317,25.1149,0.0134,42.7326,3.75,953.0107,680.0,16.3917,3.6626,7.3327,0.6045,2.3221,499,150.0,24.0,7.0,,,,,,,,,,,,,,,,,Exc
SST_hM3D,D12-IS215,DAY01,DAY01_2021-03-02_14-24-54,02_S1,TT1_cut,CA1,2,2152454102,PYR,6.8401,0.167,0.2393,212.5984,-0.3955,0.0628,6535,48.5009,2.6255,0.0765,42.2494,34.6595,0.0074,35.9684,3.75,380.8895,2114.0,50.9589,1.1772,7.303,0.7842,2.4243,1394,574.0,119.0,23.0,4.0,,,,,,,,,,,,,,,,Exc
SST_hM3D,D12-IS215,DAY01,DAY01_2021-03-02_14-24-54,02_S1,TT1_cut,CA1,3,2152454103,PYR_nWf,2.7569,0.2132,0.3157,188.9764,-0.3507,0.0907,1995,17.656,0.8015,0.0,19.6491,15.3383,0.0791,36.399,4.0,1234.695,294.0,7.087,8.3175,6.7795,0.3188,2.1633,249,42.0,3.0,,,,,,,,,,,,,,,,,,Exc
SST_hM3D,D12-IS215,DAY01,DAY01_2021-03-02_14-24-54,02_S1,TT1_cut,CA1,6,2152454106,PYR,2.9138,0.0837,0.1131,338.5827,-0.48,0.0331,13522,37.0757,5.4326,0.3402,21.1285,17.2829,0.4034,12.7944,4.25,184.0591,3078.0,74.1966,0.8086,7.8996,0.542,2.3811,2183,687.0,146.0,54.0,8.0,,,,,,,,,,,,,,,,Exc
SST_hM3D,D12-IS215,DAY01,DAY01_2021-03-02_14-24-54,02_S1,TT2_cut,CA1,1,2152454201,PYR,12.8106,0.1709,0.2828,291.3386,-0.2088,0.0902,3864,20.3556,1.5524,0.0518,23.1366,9.2133,0.029,37.861,5.625,640.1151,533.0,12.8482,4.2395,8.0258,0.2899,2.1013,490,34.0,7.0,2.0,,,,,,,,,,,,,,,,,Exc
SST_hM3D,D12-IS215,DAY01,DAY01_2021-03-02_14-24-54,02_S1,TT2_cut,CA1,2,2152454202,PYR,11.2951,0.176,0.236,307.0866,-0.4915,0.067,7490,40.2888,3.0092,0.1068,11.4686,10.721,0.0446,24.4942,4.219,332.3376,1332.0,32.1084,1.8661,7.2007,0.396,2.2267,1080,210.0,34.0,8.0,,,,,,,,,,,,,,,,,Exc
SST_hM3D,D12-IS215,DAY01,DAY01_2021-03-02_14-24-54,02_S1,TT2_cut,CA1,4,2152454204,PYR,7.2558,0.1986,0.2908,346.4567,-0.3662,0.0832,3542,13.5715,1.423,0.0282,21.4003,22.0215,0.0657,27.1385,5.375,702.3625,696.0,16.7774,3.5568,7.0524,0.4051,2.0618,656,38.0,1.0,1.0,,,,,,,,,,,,,,,,,Exc
SST_hM3D,D12-IS215,DAY01,DAY01_2021-03-02_14-24-54,02_S1,TT2_cut,CA1,6,2152454206,PYR,22.5837,0.1666,0.2709,346.4567,-0.2301,0.0829,6270,32.9776,2.519,0.4306,18.2935,8.8517,0.7089,10.3797,3.75,392.3717,970.0,23.3823,2.4969,6.9141,0.3494,2.2588,750,191.0,27.0,2.0,,,,,,,,,,,,,,,,,Exc
SST_hM3D,D12-IS215,DAY01,DAY01_2021-03-02_14-24-54,02_S1,TT3_cut,CA1,2,2152454302,PYR,4.2498,0.143,0.208,456.6929,-0.3756,0.0646,1553,7.8007,0.6239,0.0644,34.5782,35.0934,0.1078,17.7062,4.875,1603.0113,419.0,10.1002,5.9462,6.8865,0.5873,2.1766,349,66.0,4.0,,,,,,,,,,,,,,,,,,Exc
SST_hM3D,D12-IS215,DAY01,DAY01_2021-03-02_14-24-54,02_S1,TT3_cut,CA1,3,2152454303,PYR,1.0142,0.0873,0.1215,488.189,-0.4364,0.0339,3451,10.2435,1.3865,0.0869,11.8227,8.5772,0.1075,21.6518,7.094,721.3304,681.0,16.4158,3.654,8.8691,0.4633,2.348,489,154.0,32.0,5.0,1.0,,,,,,,,,,,,,,,,Exc
SST_hM3D,D12-IS215,DAY01,DAY01_2021-03-02_14-24-54,02_S1,TT3_cut,CA1,4,2152454304,PYR,6.9146,0.1571,0.2091,307.0866,-0.5024,0.0588,10514,69.4454,4.2237,0.0476,21.2764,19.6975,0.0206,30.3029,4.125,236.7546,2319.0,55.9005,1.0737,7.2218,0.4926,2.2333,1866,380.0,61.0,10.0,1.0,1.0,,,,,,,,,,,,,,,Exc
SST_hM3D,D12-IS215,DAY01,DAY01_2021-03-02_14-24-54,02_S1,TT3_cut,CA1,5,2152454305,PYR,4.1126,0.2047,0.3452,330.7087,-0.1859,0.0961,9094,24.7011,3.6536,0.033,13.9762,11.0293,0.0495,23.6168,7.625,273.5923,391.0,9.4252,6.27,7.8096,0.087,2.023,383,7.0,1.0,,,,,,,,,,,,,,,,,,Exc
SST_hM3D,D12-IS215,DAY01,DAY01_2021-03-02_14-24-54,02_S1,TT3_cut,CA1,6,2152454306,PYR_nWf,15.7753,0.1771,0.267,196.8504,-0.3268,0.0746,13705,38.4623,5.5049,0.1313,38.4823,32.4845,0.0448,22.7242,4.875,181.5992,2927.0,70.5566,0.8505,7.2113,0.4613,2.1599,2523,352.0,42.0,8.0,2.0,,,,,,,,,,,,,,,,Exc
SST_hM3D,D12-IS215,DAY01,DAY01_2021-03-02_14-24-54,02_S1,TT3_cut,CA1,7,2152454307,PYR,5.6,0.2282,0.3348,362.2047,-0.3632,0.0998,2250,21.8562,0.904,0.0,34.6222,29.2889,0.2009,15.2558,4.0,1089.8226,425.0,10.2448,5.636,7.3667,0.4262,2.2565,329,85.0,9.0,2.0,,,,,,,,,,,,,,,,,Exc
SST_hM3D,D12-IS215,DAY01,DAY01_2021-03-02_14-24-54,02_S1,TT3_cut,CA1,8,2152454308,PYR,7.9126,0.2097,0.2636,488.189,-0.591,0.0762,4575,50.4859,1.838,0.1093,18.7541,13.1585,0.0979,20.4594,5.625,542.8836,655.0,15.7891,3.55,7.7527,0.3156,2.2046,532,114.0,7.0,2.0,,,,,,,,,,,,,,,,,Exc
SST_hM3D,D12-IS215,DAY01,DAY01_2021-03-02_14-24-54,02_S1,TT5_cut,CA1,1,2152454501,PYR_nWf,11.4027,0.2449,0.3247,196.8504,-0.5086,0.0879,7165,18.1093,2.8786,0.014,14.9616,13.2868,0.0452,41.5067,5.5,347.3781,1181.0,28.4685,2.1032,7.764,0.3608,2.1888,993,156.0,29.0,3.0,,,,,,,,,,,,,,,,,Exc
SST_hM3D,D12-IS215,DAY01,DAY01_2021-03-02_14-24-54,02_S1,TT5_cut,CA1,2,2152454502,PYR,14.4928,0.2043,0.3102,307.0866,-0.317,0.0951,10488,21.8399,4.2136,0.0953,29.7197,25.6007,0.0798,23.1536,3.875,237.3058,1931.0,46.5476,1.2873,6.2584,0.3917,2.1274,1719,184.0,22.0,6.0,,,,,,,,,,,,,,,,,Exc
SST_hM3D,D12-IS215,DAY01,DAY01_2021-03-02_14-24-54,02_S1,TT5_cut,CA1,3,2152454503,PYR,8.4071,0.2107,0.2904,385.8268,-0.4508,0.0851,2034,18.0467,0.8172,0.0983,18.5841,27.7286,0.0624,27.3958,4.0,1222.6905,535.0,12.8964,4.6541,8.5959,0.6681,2.5402,335,133.0,50.0,14.0,2.0,0.0,1.0,,,,,,,,,,,,,,Exc
SST_hM3D,D12-IS215,DAY01,DAY01_2021-03-02_14-24-54,02_S1,TT5_cut,CA1,5,2152454505,PYR,13.1163,0.1827,0.2907,283.4646,-0.2569,0.0863,6389,12.2437,2.5664,0.0,42.5106,30.4899,0.1043,33.1702,4.75,389.6397,1422.0,34.2779,1.7483,7.0241,0.4929,2.2145,1161,223.0,33.0,4.0,1.0,,,,,,,,,,,,,,,,Exc
SST_hM3D,D12-IS215,DAY01,DAY01_2021-03-02_14-24-54,02_S1,TT5_cut,CA1,7,2152454507,PYR,20.771,0.1732,0.2752,314.9606,-0.2592,0.083,1271,3.5267,0.5098,0.0,29.1896,21.9512,0.3427,14.1031,3.656,1958.8482,217.0,5.2309,11.5027,6.1743,0.3832,2.2442,172,38.0,6.0,1.0,,,,,,,,,,,,,,,,,Exc
SST_hM3D,D12-IS215,DAY01,DAY01_2021-03-02_14-24-54,02_S1,TT5_cut,CA1,8,2152454508,PYR,19.0254,0.1609,0.2366,212.5984,-0.3595,0.0652,1929,20.6769,0.775,0.0518,10.8346,9.4868,0.3727,13.33,4.469,1285.6872,283.0,6.8218,8.6585,7.1713,0.3276,2.2332,229,45.0,7.0,1.0,1.0,,,,,,,,,,,,,,,,Exc
SST_hM3D,D12-IS215,DAY01,DAY01_2021-03-02_14-24-54,02_S1,TT5_cut,CA1,9,2152454509,PYR,25.4457,0.2904,0.4446,314.9606,-0.3063,0.1229,617,2.4354,0.2479,0.0,20.9076,10.2107,0.3024,14.5524,4.594,4036.3714,86.0,2.0731,28.9978,6.8902,0.2998,2.1512,73,13.0,,,,,,,,,,,,,,,,,,,Exc
SST_hM3D,D12-IS215,DAY01,DAY01_2021-03-02_14-24-54,02_S1,TT5_cut,CA1,10,2152454510,PYR,14.5201,0.1501,0.2118,354.3307,-0.417,0.0651,4876,17.2821,1.959,0.1436,13.3306,13.5357,0.6599,10.8175,4.5,510.3931,620.0,14.9454,4.0144,6.7252,0.2744,2.1581,540,65.0,13.0,1.0,1.0,,,,,,,,,,,,,,,,Exc
SST_hM3D,D12-IS215,DAY01,DAY01_2021-03-02_14-24-54,02_S1,TT6_cut,CA1,1,2152454601,PYR,7.52,0.1464,0.1942,299.2126,-0.5073,0.0563,7633,39.1892,3.0666,0.4716,11.8302,9.1052,0.3572,13.1798,4.125,325.9627,1366.0,32.928,1.8225,7.1076,0.4031,2.2526,1081,238.0,35.0,11.0,1.0,,,,,,,,,,,,,,,,Exc
SST_hM3D,D12-IS215,DAY01,DAY01_2021-03-02_14-24-54,02_S1,TT6_cut,CA1,3,2152454603,PYR,7.0977,0.1797,0.2617,307.0866,-0.3731,0.0765,3635,14.5307,1.4604,0.0825,19.6424,14.9106,0.108,20.8692,3.781,684.8089,664.0,16.006,3.7497,6.5215,0.397,2.1732,560,95.0,7.0,2.0,,,,,,,,,,,,,,,,,Exc
SST_hM3D,D12-IS215,DAY01,DAY01_2021-03-02_14-24-54,04_SALINE,TT1_cut,CA1,1,2152454101,PYR_nWf,12.303,0.2679,0.4257,181.1024,-0.2587,0.1179,3300,44.6338,1.7609,0.0303,38.6061,29.2121,0.0121,34.9867,3.875,563.411,888.0,28.4312,2.0912,6.8405,0.6164,2.2905,676,177.0,25.0,9.0,1.0,,,,,,,,,,,,,,,,Exc
SST_hM3D,D12-IS215,DAY01,DAY01_2021-03-02_14-24-54,04_SALINE,TT1_cut,CA1,2,2152454102,PYR,4.0051,0.1316,0.173,314.9606,-0.5219,0.0477,2347,21.7736,1.2524,0.0852,20.7499,14.7848,0.0333,35.5145,4.125,794.3263,499.0,15.9765,3.7345,7.1295,0.4785,2.2505,393,91.0,11.0,4.0,,,,,,,,,,,,,,,,,Exc
SST_hM3D,D12-IS215,DAY01,DAY01_2021-03-02_14-24-54,04_SALINE,TT1_cut,CA1,3,2152454103,PYR,7.4425,0.1746,0.2517,212.5984,-0.3872,0.0778,3480,40.97,1.857,0.0,28.2759,21.0345,0.0375,40.7473,3.625,531.271,751.0,24.0449,2.4554,7.7826,0.5195,2.4075,516,175.0,50.0,9.0,1.0,,,,,,,,,,,,,,,,Exc
SST_hM3D,D12-IS215,DAY01,DAY01_2021-03-02_14-24-54,04_SALINE,TT1_cut,CA1,5,2152454105,PYR,8.4791,0.1499,0.2072,299.2126,-0.4473,0.0596,743,8.143,0.3965,0.1346,8.0754,7.8062,0.1074,19.0028,5.781,2515.4299,113.0,3.6179,16.5438,9.2231,0.3715,2.4425,72,34.0,6.0,0.0,1.0,,,,,,,,,,,,,,,,Exc
SST_hM3D,D12-IS215,DAY01,DAY01_2021-03-02_14-24-54,04_SALINE,TT1_cut,CA1,6,2152454106,PYR,2.6729,0.0673,0.0879,377.9528,-0.5316,0.0252,3629,8.1457,1.9365,0.1653,5.3734,2.6729,0.5875,11.3548,4.875,516.4165,404.0,12.9349,4.6277,7.5052,0.2477,2.2252,329,61.0,12.0,2.0,,,,,,,,,,,,,,,,,Exc
SST_hM3D,D12-IS215,DAY01,DAY01_2021-03-02_14-24-54,04_SALINE,TT1_cut,CA1,9,2152454109,PYR,3.4332,0.1026,0.1414,314.9606,-0.4505,0.0405,1369,9.0093,0.7305,0.073,10.1534,7.962,0.1767,16.125,6.375,1356.2089,184.0,5.8912,10.0256,7.713,0.2936,2.1848,152,30.0,2.0,,,,,,,,,,,,,,,,,,Exc
SST_hM3D,D12-IS215,DAY01,DAY01_2021-03-02_14-24-54,04_SALINE,TT2_cut,CA1,1,2152454201,PYR,9.5393,0.1601,0.2631,314.9606,-0.217,0.0805,3386,13.5428,1.8068,0.0,33.4908,21.0278,0.0876,34.987,6.0,553.0495,781.0,25.0054,2.3284,8.1992,0.5112,2.2164,642,111.0,26.0,2.0,,,,,,,,,,,,,,,,,Exc
SST_hM3D,D12-IS215,DAY01,DAY01_2021-03-02_14-24-54,04_SALINE,TT2_cut,CA1,2,2152454202,PYR,8.7504,0.1705,0.2318,291.3386,-0.4717,0.0654,6034,27.9078,3.2199,0.1823,11.1203,8.767,0.066,23.2081,4.0,310.352,958.0,30.6724,1.9552,6.9811,0.3484,2.1942,806,129.0,17.0,2.0,3.0,1.0,,,,,,,,,,,,,,,Exc
SST_hM3D,D12-IS215,DAY01,DAY01_2021-03-02_14-24-54,04_SALINE,TT2_cut,CA1,3,2152454203,PYR_nWf,16.3125,0.2432,0.3618,188.9764,-0.3443,0.1012,4377,37.4974,2.3356,0.4341,23.5093,16.7009,0.2228,15.9935,4.25,427.944,811.0,25.9659,2.3045,7.0325,0.4263,2.3009,608,168.0,30.0,4.0,1.0,,,,,,,,,,,,,,,,Exc
SST_hM3D,D12-IS215,DAY01,DAY01_2021-03-02_14-24-54,04_SALINE,TT2_cut,CA1,4,2152454204,PYR,3.8109,0.1742,0.2487,385.8268,-0.4008,0.0728,2073,3.6358,1.1062,0.0,14.4235,15.2918,0.4766,12.0474,6.25,898.8954,262.0,8.3885,7.0699,6.8477,0.2595,2.0534,248,14.0,,,,,,,,,,,,,,,,,,,Exc
SST_hM3D,D12-IS215,DAY01,DAY01_2021-03-02_14-24-54,04_SALINE,TT2_cut,CA1,6,2152454206,PYR,26.0372,0.19,0.3077,220.4724,-0.2352,0.0897,4194,23.0422,2.238,0.453,28.8984,13.7816,0.449,12.6339,4.0,446.6187,824.0,26.3821,2.1688,6.9201,0.4483,2.2816,626,171.0,21.0,5.0,1.0,,,,,,,,,,,,,,,,Exc
SST_hM3D,D12-IS215,DAY01,DAY01_2021-03-02_14-24-54,04_SALINE,TT3_cut,CA1,4,2152454304,PYR,8.037,0.1509,0.2005,299.2126,-0.5049,0.0559,7565,47.4473,4.0368,0.1851,13.6946,13.351,0.075,20.6299,4.875,247.6753,1424.0,45.5924,1.3162,7.3487,0.4186,2.224,1160,216.0,42.0,5.0,1.0,,,,,,,,,,,,,,,,Exc
SST_hM3D,D12-IS215,DAY01,DAY01_2021-03-02_14-24-54,04_SALINE,TT3_cut,CA1,5,2152454305,PYR,4.4555,0.1561,0.2703,330.7087,-0.155,0.0766,7833,24.2401,4.1798,0.0255,13.8644,9.9068,0.0203,29.3937,10.625,239.2321,405.0,12.9669,4.6112,7.9862,0.1065,2.0593,384,18.0,3.0,,,,,,,,,,,,,,,,,,Exc
SST_hM3D,D12-IS215,DAY01,DAY01_2021-03-02_14-24-54,04_SALINE,TT3_cut,CA1,6,2152454306,PYR_nWf,10.5319,0.1925,0.2874,188.9764,-0.3399,0.0773,6618,36.8491,3.5315,0.1813,37.6851,30.4322,0.0787,19.7539,4.0,282.8987,1457.0,46.649,1.284,7.2202,0.4801,2.1805,1227,203.0,24.0,1.0,1.0,1.0,,,,,,,,,,,,,,,Exc
SST_hM3D,D12-IS215,DAY01,DAY01_2021-03-02_14-24-54,04_SALINE,TT3_cut,CA1,7,2152454307,PYR,4.2893,0.1574,0.2354,464.5669,-0.3372,0.0729,3567,16.6784,1.9034,0.028,26.1284,21.4186,0.1671,18.1729,4.25,521.9413,590.0,18.8901,3.1354,6.9441,0.3605,2.1797,493,88.0,9.0,,,,,,,,,,,,,,,,,,Exc
SST_hM3D,D12-IS215,DAY01,DAY01_2021-03-02_14-24-54,04_SALINE,TT3_cut,CA1,8,2152454308,PYR_nWf,8.1808,0.2085,0.2594,181.1024,-0.6077,0.0726,929,14.6666,0.4957,0.1076,7.9656,2.5834,0.1566,18.5587,4.125,2005.1568,111.0,3.5539,15.9505,7.8015,0.267,2.2342,90,16.0,5.0,,,,,,,,,,,,,,,,,,Exc
SST_hM3D,D12-IS215,DAY01,DAY01_2021-03-02_14-24-54,04_SALINE,TT5_cut,CA1,1,2152454501,PYR_nWf,10.7481,0.2536,0.334,196.8504,-0.5187,0.0916,6978,24.9395,3.7231,0.0,16.4517,15.4486,0.035,47.8372,4.656,267.8628,1223.0,39.1569,1.4959,7.2184,0.3769,2.1504,1069,129.0,21.0,3.0,1.0,,,,,,,,,,,,,,,,Exc
SST_hM3D,D12-IS215,DAY01,DAY01_2021-03-02_14-24-54,04_SALINE,TT5_cut,CA1,2,2152454502,PYR,12.7973,0.2145,0.3284,307.0866,-0.3062,0.0988,7400,23.0944,3.9488,0.0946,33.2838,26.1486,0.1076,19.2463,3.875,253.1139,1444.0,46.2327,1.2956,6.3477,0.4195,2.1496,1258,166.0,15.0,2.0,1.0,2.0,,,,,,,,,,,,,,,Exc
SST_hM3D,D12-IS215,DAY01,DAY01_2021-03-02_14-24-54,04_SALINE,TT5_cut,CA1,5,2152454505,PYR,48.5106,0.1647,0.3089,275.5906,-0.0666,0.0918,705,3.8475,0.3762,0.0,35.8865,32.766,0.0215,33.6557,4.25,2616.716,133.0,4.2583,7.4312,7.9192,0.4113,2.1805,111,20.0,2.0,,,,,,,,,,,,,,,,,,Exc
SST_hM3D,D12-IS215,DAY01,DAY01_2021-03-02_14-24-54,04_SALINE,TT5_cut,CA1,6,2152454506,PYR,16.2706,0.1465,0.2009,283.4646,-0.4585,0.0578,2483,9.4256,1.325,0.2014,6.0814,3.9066,0.4473,12.8958,4.75,754.2352,273.0,8.7407,6.7971,7.7302,0.2477,2.2527,213,52.0,7.0,1.0,,,,,,,,,,,,,,,,,Exc
SST_hM3D,D12-IS215,DAY01,DAY01_2021-03-02_14-24-54,04_SALINE,TT5_cut,CA1,7,2152454507,PYR,18.7817,0.1593,0.2506,401.5748,-0.2716,0.0772,394,0.8781,0.2102,0.2538,14.467,6.8528,0.5492,11.8836,3.5,4757.4984,44.0,1.4088,32.389,5.9573,0.2462,2.2045,35,9.0,,,,,,,,,,,,,,,,,,,Exc
SST_hM3D,D12-IS215,DAY01,DAY01_2021-03-02_14-24-54,04_SALINE,TT5_cut,CA1,8,2152454508,PYR,14.3231,0.188,0.2608,251.9685,-0.4416,0.0753,1529,16.0334,0.8159,0.0654,17.1354,13.7345,0.2758,14.0949,3.75,1214.8923,284.0,9.0929,6.49,6.2869,0.4048,2.1796,241,37.0,5.0,0.0,1.0,,,,,,,,,,,,,,,,Exc
SST_hM3D,D12-IS215,DAY01,DAY01_2021-03-02_14-24-54,04_SALINE,TT5_cut,CA1,9,2152454509,PYR,14.6316,0.2362,0.3709,299.2126,-0.2737,0.104,950,8.0047,0.5069,0.0,37.5789,32.7368,0.1649,18.2954,3.531,1952.7049,203.0,6.4995,8.4946,6.3257,0.4779,2.2365,160,38.0,5.0,,,,,,,,,,,,,,,,,,Exc
SST_hM3D,D12-IS215,DAY01,DAY01_2021-03-02_14-24-54,04_SALINE,TT5_cut,CA1,10,2152454510,PYR,13.7374,0.1552,0.2177,346.4567,-0.4256,0.0667,2475,17.1263,1.3207,0.2424,17.8586,17.6162,0.524,11.8478,4.875,756.8725,339.0,10.8538,5.2422,6.6814,0.297,2.1681,288,45.0,6.0,,,,,,,,,,,,,,,,,,Exc
SST_hM3D,D12-IS215,DAY01,DAY01_2021-03-02_14-24-54,04_SALINE,TT5_cut,CA1,11,2152454511,PYR,11.5789,0.2334,0.3733,370.0787,-0.2501,0.1088,380,0.8613,0.2028,0.2632,10.2632,7.1053,0.4824,12.0101,1.531,4755.7553,25.0,0.8004,59.046,6.5912,0.1342,2.04,24,1.0,,,,,,,,,,,,,,,,,,,Exc
SST_hM3D,D12-IS215,DAY01,DAY01_2021-03-02_14-24-54,04_SALINE,TT6_cut,CA1,2,2152454602,PYR,16.5358,0.1034,0.1568,291.3386,-0.3195,0.0483,8914,14.8515,4.7567,0.2131,11.7344,3.9488,0.1943,24.5042,3.5,210.2379,1123.0,35.9552,1.6633,5.5933,0.2627,2.0855,1030,90.0,3.0,,,,,,,,,,,,,,,,,,Exc
SST_hM3D,D12-IS215,DAY01,DAY01_2021-03-02_14-24-54,04_SALINE,TT6_cut,CA1,3,2152454603,PYR,6.6402,0.2076,0.3022,299.2126,-0.3741,0.087,5798,38.2177,3.0939,0.1552,41.5316,37.7372,0.0151,35.8116,3.75,322.817,1730.0,55.3896,1.0809,5.893,0.6537,2.1908,1436,262.0,29.0,2.0,1.0,,,,,,,,,,,,,,,,Exc
SST_hM3D,D12-IS215,DAY01,DAY01_2021-03-02_14-24-54,08_S2,TT1_cut,CA1,1,2152454101,PYR_nWf,12.9054,0.2864,0.4731,181.1024,-0.2105,0.1292,4378,29.1696,1.3403,0.0,37.5286,28.2549,0.0331,53.8079,3.906,739.4429,1111.0,20.4076,2.9095,6.874,0.5829,2.297,829,238.0,40.0,4.0,,,,,,,,,,,,,,,,,Exc
SST_hM3D,D12-IS215,DAY01,DAY01_2021-03-02_14-24-54,08_S2,TT1_cut,CA1,2,2152454102,PYR,20.3678,0.1837,0.2544,291.3386,-0.444,0.0713,1414,36.2556,0.4329,0.0,22.3479,15.983,0.0536,26.4147,4.5,2292.5564,315.0,5.7861,10.2319,6.8985,0.5099,2.2889,240,60.0,14.0,1.0,,,,,,,,,,,,,,,,,Exc
SST_hM3D,D12-IS215,DAY01,DAY01_2021-03-02_14-24-54,08_S2,TT1_cut,CA1,3,2152454103,PYR_nWf,11.2921,0.177,0.2637,196.8504,-0.3421,0.0795,4605,32.7556,1.4098,0.0,27.6004,22.4321,0.0119,36.587,3.75,699.4519,1021.0,18.7545,3.1448,7.6045,0.5251,2.3683,725,232.0,51.0,10.0,3.0,,,,,,,,,,,,,,,,Exc
SST_hM3D,D12-IS215,DAY01,DAY01_2021-03-02_14-24-54,08_S2,TT1_cut,CA1,4,2152454104,PYR,4.0185,0.1259,0.1768,291.3386,-0.4246,0.0512,9954,25.0155,3.0474,0.3617,16.315,12.8993,0.2268,15.2424,4.25,327.8896,2200.0,40.4112,1.484,7.7374,0.5269,2.3841,1555,487.0,123.0,29.0,5.0,1.0,,,,,,,,,,,,,,,Exc
SST_hM3D,D12-IS215,DAY01,DAY01_2021-03-02_14-24-54,08_S2,TT1_cut,CA1,5,2152454105,PYR,5.2589,0.1486,0.2061,314.9606,-0.4419,0.0598,9793,17.8123,2.9981,0.0408,32.6866,28.0098,0.0533,33.8299,3.625,333.269,2730.0,50.1466,1.1955,8.6192,0.7013,2.5158,1762,661.0,205.0,76.0,22.0,3.0,1.0,,,,,,,,,,,,,,Exc
SST_hM3D,D12-IS215,DAY01,DAY01_2021-03-02_14-24-54,08_S2,TT1_cut,CA1,8,2152454108,PYR,2.5487,0.0787,0.1053,307.0866,-0.4945,0.0293,4159,13.5246,1.2733,0.2164,5.0733,2.6689,0.2278,14.8571,6.5,784.275,393.0,7.2189,8.2261,7.343,0.2075,2.1959,327,58.0,5.0,3.0,,,,,,,,,,,,,,,,,Exc
SST_hM3D,D12-IS215,DAY01,DAY01_2021-03-02_14-24-54,08_S2,TT1_cut,CA1,9,2152454109,PYR,7.0067,0.0961,0.1329,307.0866,-0.4468,0.0385,2255,10.4378,0.6904,0.3548,10.1552,4.6563,1.137,10.4207,3.812,1442.2514,267.0,4.9044,11.8899,7.2044,0.259,2.1873,222,40.0,5.0,,,,,,,,,,,,,,,,,,Exc
SST_hM3D,D12-IS215,DAY01,DAY01_2021-03-02_14-24-54,08_S2,TT2_cut,CA1,1,2152454201,PYR,26.3911,0.1919,0.2973,291.3386,-0.2914,0.0898,3145,14.544,0.9628,0.0,31.5421,16.9793,0.0318,34.7557,6.625,1037.1684,725.0,13.3173,4.4466,8.8147,0.5253,2.2786,553,147.0,21.0,3.0,1.0,,,,,,,,,,,,,,,,Exc
SST_hM3D,D12-IS215,DAY01,DAY01_2021-03-02_14-24-54,08_S2,TT2_cut,CA1,2,2152454202,PYR,11.6903,0.1605,0.2186,291.3386,-0.4686,0.0615,15346,57.6588,4.6975,0.2411,13.7365,11.7555,0.0397,27.9718,4.0,212.6743,3094.0,56.8328,1.0467,7.5136,0.4593,2.2783,2427,518.0,109.0,35.0,5.0,,,,,,,,,,,,,,,,Exc
SST_hM3D,D12-IS215,DAY01,DAY01_2021-03-02_14-24-54,08_S2,TT2_cut,CA1,3,2152454203,PYR_nWf,14.8991,0.2464,0.3615,181.1024,-0.3635,0.0989,3470,18.6193,1.0623,0.0865,18.7896,15.4467,0.1017,20.0029,3.75,933.1723,672.0,12.3438,4.7128,6.5391,0.4297,2.2188,549,100.0,22.0,1.0,,,,,,,,,,,,,,,,,Exc
SST_hM3D,D12-IS215,DAY01,DAY01_2021-03-02_14-24-54,08_S2,TT2_cut,CA1,6,2152454206,PYR_nWf,17.6599,0.194,0.3189,188.9764,-0.2166,0.0878,7316,58.5591,2.2398,0.1914,35.2242,19.3138,0.0555,26.3198,3.781,446.0068,1738.0,31.9248,1.8632,6.9087,0.5526,2.3262,1281,371.0,68.0,14.0,2.0,2.0,,,,,,,,,,,,,,,Exc
SST_hM3D,D12-IS215,DAY01,DAY01_2021-03-02_14-24-54,08_S2,TT3_cut,CA1,4,2152454304,PYR,6.9763,0.1334,0.1796,299.2126,-0.4858,0.0502,14836,43.3855,4.542,0.2022,13.2246,10.9463,0.1175,19.3704,4.375,220.1584,2650.0,48.6771,1.23,7.0833,0.3951,2.2121,2183,388.0,65.0,12.0,2.0,,,,,,,,,,,,,,,,Exc
SST_hM3D,D12-IS215,DAY01,DAY01_2021-03-02_14-24-54,08_S2,TT3_cut,CA1,5,2152454305,PYR,7.6524,0.1016,0.1751,346.4567,-0.1599,0.0517,18295,23.7277,5.6006,0.0164,9.7185,5.947,0.0229,24.428,12.656,178.5377,761.0,13.9786,4.2842,8.1946,0.0854,2.0526,722,38.0,1.0,,,,,,,,,,,,,,,,,,Exc
SST_hM3D,D12-IS215,DAY01,DAY01_2021-03-02_14-24-54,08_S2,TT3_cut,CA1,6,2152454306,PYR_nWf,7.7728,0.1911,0.2824,188.9764,-0.3533,0.0762,12994,43.311,3.9781,0.1616,33.4693,29.3135,0.1286,18.5198,4.031,251.2303,2704.0,49.669,1.2075,6.7585,0.4458,2.1424,2356,313.0,33.0,2.0,,,,,,,,,,,,,,,,,Exc
SST_hM3D,D12-IS215,DAY01,DAY01_2021-03-02_14-24-54,08_S2,TT3_cut,CA1,8,2152454308,PYR,10.0388,0.2026,0.2544,299.2126,-0.5929,0.0715,2580,36.1982,0.7899,0.3488,6.2016,2.5581,0.2201,16.419,5.875,1254.9792,376.0,6.9066,8.5228,7.9989,0.3384,2.3218,281,78.0,11.0,4.0,1.0,1.0,,,,,,,,,,,,,,,Exc
SST_hM3D,D12-IS215,DAY01,DAY01_2021-03-02_14-24-54,08_S2,TT5_cut,CA1,1,2152454501,PYR,11.6678,0.2477,0.3276,212.5984,-0.512,0.0898,11476,25.1153,3.5133,0.0261,17.5497,15.0401,0.0582,36.5451,4.25,284.61,2163.0,39.7315,1.5074,6.9656,0.4051,2.1493,1883,243.0,31.0,6.0,,,,,,,,,,,,,,,,,Exc
SST_hM3D,D12-IS215,DAY01,DAY01_2021-03-02_14-24-54,08_S2,TT5_cut,CA1,2,2152454502,PYR,13.4497,0.175,0.2761,314.9606,-0.2678,0.0827,13688,23.9706,4.1905,0.1461,25.5918,17.7893,0.1169,18.6614,4.0,238.1164,2471.0,45.3891,1.3121,6.3975,0.3866,2.1416,2151,294.0,24.0,1.0,0.0,1.0,,,,,,,,,,,,,,,Exc
SST_hM3D,D12-IS215,DAY01,DAY01_2021-03-02_14-24-54,08_S2,TT5_cut,CA1,6,2152454506,PYR,14.781,0.1582,0.2163,291.3386,-0.463,0.0624,5365,15.9667,1.6425,0.1864,7.4557,4.6226,0.1468,19.2401,5.25,603.0899,724.0,13.2989,4.4643,7.3451,0.2969,2.2003,605,96.0,21.0,1.0,1.0,,,,,,,,,,,,,,,,Exc
SST_hM3D,D12-IS215,DAY01,DAY01_2021-03-02_14-24-54,08_S2,TT5_cut,CA1,8,2152454508,PYR,14.8613,0.2161,0.3368,251.9685,-0.2832,0.0911,4939,26.1014,1.5117,0.1417,22.4539,18.4045,0.1294,20.3616,3.625,656.2745,1039.0,19.0851,3.0786,6.4942,0.4606,2.1896,872,141.0,22.0,4.0,,,,,,,,,,,,,,,,,Exc
SST_hM3D,D12-IS215,DAY01,DAY01_2021-03-02_14-24-54,08_S2,TT5_cut,CA1,9,2152454509,PYR,13.3779,0.3186,0.5062,299.2126,-0.2589,0.1387,1196,3.0826,0.3661,0.0836,44.8997,43.7291,0.0914,21.8308,3.906,2711.264,299.0,5.4922,10.789,5.6634,0.5435,2.1739,251,44.0,4.0,,,,,,,,,,,,,,,,,,Exc
SST_hM3D,D12-IS215,DAY01,DAY01_2021-03-02_14-24-54,08_S2,TT6_cut,CA1,2,2152454602,PYR,7.3216,0.11,0.1603,362.2047,-0.3722,0.0497,5914,9.4554,1.8105,0.1522,6.5945,3.1451,0.3565,13.3273,4.031,551.8515,491.0,9.019,6.4072,5.5826,0.1693,2.0387,472,19.0,,,,,,,,,,,,,,,,,,,Exc
SST_hM3D,D12-IS215,DAY01,DAY01_2021-03-02_14-24-54,08_S2,TT6_cut,CA1,3,2152454603,PYR,6.1611,0.1829,0.2604,338.5827,-0.4051,0.0778,15322,39.0313,4.6908,0.0392,38.8331,36.3269,0.0207,36.49,3.5,212.5853,4733.0,86.9391,0.6846,5.9274,0.6807,2.2037,3876,765.0,80.0,9.0,3.0,,,,,,,,,,,,,,,,Exc
SST_hM3D,D12-IS215,DAY01,DAY01_2021-03-02_14-24-54,08_S2,TT6_cut,CA1,5,2152454605,PYR,13.4781,0.1684,0.2324,283.4646,-0.4493,0.0668,2211,16.5989,0.6769,0.2714,9.4075,6.0606,0.1749,16.6126,4.25,1472.3925,364.0,6.6862,8.7673,7.4573,0.3704,2.25,289,63.0,9.0,2.0,1.0,,,,,,,,,,,,,,,,Exc
SST_hM3D,D12-IS215,DAY02,DAY02_2021-03-03_11-36-10,02_S1,TT1_cut,CA1,1,2153610101,PYR_nWf,10.4758,0.3779,0.6067,173.2283,-0.2456,0.1668,4372,24.311,1.2526,0.0,46.6148,44.3733,0.0061,72.2692,4.0,794.5025,1028.0,17.6709,3.3636,8.8857,0.6075,2.5837,585,309.0,112.0,21.0,1.0,,,,,,,,,,,,,,,,Exc
SST_hM3D,D12-IS215,DAY02,DAY02_2021-03-03_11-36-10,02_S1,TT1_cut,CA1,2,2153610102,PYR_nWf,10.3482,0.2326,0.3315,181.1024,-0.4032,0.0956,2039,18.7606,0.5842,0.0,23.2467,17.95,0.0036,67.0914,5.25,1704.7755,388.0,6.6696,8.828,9.5295,0.4944,2.5979,224,105.0,50.0,9.0,,,,,,,,,,,,,,,,,Exc
SST_hM3D,D12-IS215,DAY02,DAY02_2021-03-03_11-36-10,02_S1,TT1_cut,CA1,3,2153610103,PYR,7.5429,0.1779,0.245,204.7244,-0.4523,0.0675,875,1.3384,0.2507,0.0,14.0571,4.4571,0.0176,34.1541,4.5,3954.7166,121.0,2.0799,27.2287,8.8557,0.3303,2.3884,82,31.0,8.0,,,,,,,,,,,,,,,,,,Exc
SST_hM3D,D12-IS215,DAY02,DAY02_2021-03-03_11-36-10,02_S1,TT1_cut,CA1,4,2153610104,PYR_nWf,10.5853,0.2325,0.333,173.2283,-0.3964,0.0885,803,1.0556,0.2301,0.0,20.6725,11.457,0.0072,33.6531,5.125,4301.0267,140.0,2.4065,24.5845,9.8105,0.4321,2.4786,91,34.0,12.0,3.0,,,,,,,,,,,,,,,,,Exc
SST_hM3D,D12-IS215,DAY02,DAY02_2021-03-03_11-36-10,02_S1,TT1_cut,CA1,5,2153610105,PYR,3.5611,0.1373,0.1934,283.4646,-0.4199,0.054,3117,5.0402,0.893,0.2887,7.9885,6.4485,0.1945,15.9213,7.0,1118.2667,348.0,5.982,9.9496,8.7135,0.2618,2.3448,245,87.0,15.0,1.0,,,,,,,,,,,,,,,,,Exc
SST_hM3D,D12-IS215,DAY02,DAY02_2021-03-03_11-36-10,02_S1,TT1_cut,CA1,6,2153610106,PYR,6.1453,0.1565,0.2129,283.4646,-0.47,0.0591,537,0.5997,0.1538,0.0,17.5047,14.5251,0.1239,18.4838,4.969,6432.2789,82.0,1.4095,42.4188,8.4768,0.3482,2.2805,64,15.0,1.0,2.0,,,,,,,,,,,,,,,,,Exc
SST_hM3D,D12-IS215,DAY02,DAY02_2021-03-03_11-36-10,02_S1,TT1_cut,CA1,8,2153610108,PYR,3.536,0.099,0.1349,299.2126,-0.4677,0.0371,3931,14.4559,1.1262,0.2798,5.5965,4.0702,0.4936,11.9414,5.75,887.43,454.0,7.8041,7.6659,7.7294,0.2577,2.2313,367,71.0,14.0,2.0,,,,,,,,,,,,,,,,,Exc
SST_hM3D,D12-IS215,DAY02,DAY02_2021-03-03_11-36-10,02_S1,TT2_cut,CA1,1,2153610201,PYR,14.6904,0.2508,0.4432,204.7244,-0.1318,0.1136,1518,2.9024,0.4349,0.0659,30.5007,17.1937,0.032,32.5796,4.5,2291.4978,272.0,4.6756,12.7652,9.2945,0.4315,2.4081,182,72.0,15.0,3.0,,,,,,,,,,,,,,,,,Exc
SST_hM3D,D12-IS215,DAY02,DAY02_2021-03-03_11-36-10,02_S1,TT2_cut,CA1,2,2153610202,PYR_nWf,15.5856,0.2989,0.4479,196.8504,-0.3346,0.1201,1110,2.4878,0.318,0.1802,14.8649,8.018,0.1121,20.7915,3.656,3120.2637,143.0,2.4581,24.1296,8.0278,0.3018,2.3427,98,41.0,4.0,,,,,,,,,,,,,,,,,,Exc
SST_hM3D,D12-IS215,DAY02,DAY02_2021-03-03_11-36-10,02_S1,TT2_cut,CA1,3,2153610203,PYR,19.0424,0.131,0.1943,275.5906,-0.3484,0.0601,8271,31.3394,2.3696,0.2297,12.7554,10.6517,0.1315,19.2565,5.0,421.9894,1362.0,23.4123,2.5628,7.682,0.3784,2.2981,1034,263.0,56.0,6.0,2.0,1.0,,,,,,,,,,,,,,,Exc
SST_hM3D,D12-IS215,DAY02,DAY02_2021-03-03_11-36-10,02_S1,TT2_cut,CA1,4,2153610204,PYR,17.9278,0.1924,0.305,283.4646,-0.2616,0.0907,859,0.8755,0.2461,0.0,11.525,6.4028,0.394,13.1573,6.156,4030.0613,81.0,1.3924,41.389,8.4741,0.2177,2.3086,59,19.0,3.0,,,,,,,,,,,,,,,,,,Exc
SST_hM3D,D12-IS215,DAY02,DAY02_2021-03-03_11-36-10,02_S1,TT2_cut,CA1,5,2153610205,PYR,17.9979,0.2676,0.4125,212.5984,-0.2977,0.111,939,1.3126,0.269,0.0,25.9851,20.6603,0.8267,10.0848,4.563,3692.6793,133.0,2.2862,25.2271,7.5836,0.3174,2.2406,102,30.0,1.0,,,,,,,,,,,,,,,,,,Exc
SST_hM3D,D12-IS215,DAY02,DAY02_2021-03-03_11-36-10,02_S1,TT2_cut,CA1,6,2153610206,PYR,5.2006,0.2299,0.3818,322.8346,-0.2041,0.1056,1346,1.1297,0.3856,0.0,24.8886,23.6999,0.1487,17.1644,5.25,2586.451,213.0,3.6614,16.1404,7.1979,0.3321,2.0986,192,21.0,,,,,,,,,,,,,,,,,,,Exc
SST_hM3D,D12-IS215,DAY02,DAY02_2021-03-03_11-36-10,02_S1,TT2_cut,CA1,7,2153610207,PYR,16.0606,0.152,0.2352,251.9685,-0.2922,0.0695,990,1.1189,0.2836,0.0,11.3131,7.8788,0.1923,16.6863,5.0,3525.9412,99.0,1.7018,35.2621,7.0085,0.2141,2.1414,86,12.0,1.0,,,,,,,,,,,,,,,,,,Exc
SST_hM3D,D12-IS215,DAY02,DAY02_2021-03-03_11-36-10,02_S1,TT2_cut,CA1,10,2153610210,PYR,14.3713,0.1654,0.2508,228.3465,-0.3186,0.0776,8510,26.1598,2.4381,0.0235,29.8002,26.1105,0.2084,16.6502,4.125,409.8498,1674.0,28.7754,2.0813,7.2519,0.4518,2.2969,1268,328.0,65.0,13.0,,,,,,,,,,,,,,,,,Exc
SST_hM3D,D12-IS215,DAY02,DAY02_2021-03-03_11-36-10,02_S1,TT2_cut,CA1,11,2153610211,PYR_nWf,14.2433,0.2382,0.3181,181.1024,-0.4979,0.0875,6403,29.7827,1.8344,0.203,7.6214,3.9669,0.0694,26.4435,4.625,544.7345,855.0,14.6971,4.0817,9.2173,0.3077,2.3041,660,147.0,32.0,15.0,1.0,,,,,,,,,,,,,,,,Exc
SST_hM3D,D12-IS215,DAY02,DAY02_2021-03-03_11-36-10,02_S1,TT3_cut,CA1,2,2153610302,PYR_nWf,4.785,0.2152,0.2876,181.1024,-0.4963,0.0769,8464,31.8187,2.4249,0.0591,25.6262,22.6252,0.0478,43.7478,4.25,412.3232,1749.0,30.0647,1.994,7.2982,0.4643,2.247,1377,316.0,52.0,4.0,,,,,,,,,,,,,,,,,Exc
SST_hM3D,D12-IS215,DAY02,DAY02_2021-03-03_11-36-10,02_S1,TT3_cut,CA1,4,2153610304,PYR_nWf,7.7603,0.2817,0.4382,173.2283,-0.2858,0.1073,3170,8.9406,0.9082,0.0315,28.5174,19.8107,0.0221,47.7125,5.75,1100.3094,456.0,7.8385,7.6613,8.2909,0.3088,2.1469,395,55.0,6.0,,,,,,,,,,,,,,,,,,Exc
SST_hM3D,D12-IS215,DAY02,DAY02_2021-03-03_11-36-10,02_S1,TT3_cut,CA1,5,2153610305,PYR_nWf,8.7369,0.3117,0.4304,196.8504,-0.4485,0.124,1053,1.6484,0.3017,0.1899,7.7873,8.7369,0.0607,27.7569,4.625,3281.5779,132.0,2.269,24.7905,7.5924,0.2821,2.25,102,27.0,3.0,,,,,,,,,,,,,,,,,,Exc
SST_hM3D,D12-IS215,DAY02,DAY02_2021-03-03_11-36-10,02_S1,TT3_cut,CA1,6,2153610306,PYR_nWf,9.2655,0.2433,0.2924,188.9764,-0.6641,0.0816,2083,35.6237,0.5968,0.048,10.9938,4.9448,0.1296,22.6112,4.438,1669.3661,260.0,4.4693,13.318,8.1026,0.2876,2.3038,194,54.0,11.0,1.0,,,,,,,,,,,,,,,,,Exc
SST_hM3D,D12-IS215,DAY02,DAY02_2021-03-03_11-36-10,02_S1,TT3_cut,CA1,7,2153610307,PYR,10.8983,0.1055,0.1619,338.5827,-0.3028,0.0479,12268,51.3753,3.5144,0.0,20.688,14.9658,0.0755,20.9112,7.75,284.1369,1528.0,26.2658,2.1574,8.6765,0.2805,2.252,1231,230.0,49.0,15.0,3.0,,,,,,,,,,,,,,,,Exc
SST_hM3D,D12-IS215,DAY02,DAY02_2021-03-03_11-36-10,02_S1,TT3_cut,CA1,8,2153610308,PYR,8.7163,0.206,0.2901,204.7244,-0.4201,0.0784,1262,2.6692,0.3616,0.0792,22.3455,16.9572,0.1135,21.0328,4.219,2744.7525,225.0,3.8677,13.9309,8.1585,0.4279,2.4,157,49.0,16.0,3.0,,,,,,,,,,,,,,,,,Exc
SST_hM3D,D12-IS215,DAY02,DAY02_2021-03-03_11-36-10,02_S1,TT3_cut,CA1,9,2153610309,PYR,11.4883,0.1609,0.2718,314.9606,-0.1839,0.0849,383,0.4543,0.1097,0.0,24.8042,19.0601,0.0282,29.813,4.375,9071.4582,54.0,0.9282,58.1314,7.8576,0.3264,2.3148,39,13.0,2.0,,,,,,,,,,,,,,,,,,Exc
SST_hM3D,D12-IS215,DAY02,DAY02_2021-03-03_11-36-10,02_S1,TT3_cut,CA1,12,2153610312,PYR,8.8534,0.142,0.1857,307.0866,-0.5295,0.0519,13475,35.4501,3.8605,0.2597,7.4879,7.2208,0.0584,26.0295,5.25,259.017,1899.0,32.6431,1.8376,8.218,0.3214,2.2807,1473,338.0,73.0,11.0,4.0,,,,,,,,,,,,,,,,Exc
SST_hM3D,D12-IS215,DAY02,DAY02_2021-03-03_11-36-10,02_S1,TT3_cut,CA1,14,2153610314,PYR,11.0913,0.3159,0.4937,314.9606,-0.2798,0.1484,1686,8.2033,0.483,0.0593,40.688,37.841,0.1327,18.8031,4.406,2062.5422,279.0,4.7959,12.3997,7.8974,0.3926,2.3728,193,69.0,16.0,1.0,,,,,,,,,,,,,,,,,Exc
SST_hM3D,D12-IS215,DAY02,DAY02_2021-03-03_11-36-10,02_S1,TT5_cut,CA1,1,2153610501,PYR_nWf,15.9101,0.2542,0.3664,196.8504,-0.3875,0.1033,2357,10.0112,0.6753,0.0,14.3827,9.546,0.0492,23.5406,4.531,1480.6443,309.0,5.3116,11.1736,7.6656,0.2936,2.2395,251,43.0,14.0,1.0,,,,,,,,,,,,,,,,,Exc
SST_hM3D,D12-IS215,DAY02,DAY02_2021-03-03_11-36-10,02_S1,TT5_cut,CA1,3,2153610503,PYR_nWf,21.2752,0.2415,0.3286,173.2283,-0.4696,0.0857,1490,5.0157,0.4269,0.0671,7.2483,2.2819,0.2836,14.5109,5.406,2325.9051,111.0,1.908,30.353,8.4453,0.1698,2.2793,84,23.0,4.0,,,,,,,,,,,,,,,,,,Exc
SST_hM3D,D12-IS215,DAY02,DAY02_2021-03-03_11-36-10,02_S1,TT5_cut,CA1,4,2153610504,PYR,16.7267,0.2866,0.4479,228.3465,-0.2799,0.1212,1387,2.3017,0.3974,0.0721,28.4787,22.7109,0.1194,18.8159,5.375,2482.0012,218.0,3.7473,15.6129,8.1392,0.3749,2.3853,150,54.0,12.0,2.0,,,,,,,,,,,,,,,,,Exc
SST_hM3D,D12-IS215,DAY02,DAY02_2021-03-03_11-36-10,02_S1,TT5_cut,CA1,8,2153610508,PYR,15.9919,0.2267,0.3235,267.7165,-0.4019,0.0927,494,0.7225,0.1415,0.0,16.5992,19.8381,0.0754,21.0892,4.625,7004.7496,68.0,1.1689,50.3339,8.3823,0.3198,2.3235,50,15.0,2.0,1.0,,,,,,,,,,,,,,,,,Exc
SST_hM3D,D12-IS215,DAY02,DAY02_2021-03-03_11-36-10,02_S1,TT5_cut,CA1,9,2153610509,PYR,19.3182,0.3303,0.5213,212.5984,-0.2672,0.1409,704,2.3914,0.2017,0.0,27.6989,23.4375,0.0985,22.1272,4.594,4579.7231,113.0,1.9424,27.7669,7.5611,0.3651,2.2743,82,31.0,,,,,,,,,,,,,,,,,,,Exc
SST_hM3D,D12-IS215,DAY02,DAY02_2021-03-03_11-36-10,02_S1,TT5_cut,CA1,10,2153610510,PYR,11.523,0.3281,0.5111,275.5906,-0.284,0.1453,998,1.241,0.2859,0.1002,29.4589,30.8617,0.0753,33.5811,5.156,3453.766,145.0,2.4925,23.6005,7.7388,0.3317,2.2828,109,31.0,5.0,,,,,,,,,,,,,,,,,,Exc
SST_hM3D,D12-IS215,DAY02,DAY02_2021-03-03_11-36-10,02_S1,TT5_cut,CA1,11,2153610511,PYR_nWf,18.7311,0.2834,0.4314,196.8504,-0.314,0.1173,331,0.3841,0.0948,0.0,16.3142,17.5227,0.0462,28.8623,6.094,10046.6564,42.0,0.722,75.3833,9.0462,0.2991,2.3571,28,13.0,1.0,,,,,,,,,,,,,,,,,,Exc
SST_hM3D,D12-IS215,DAY02,DAY02_2021-03-03_11-36-10,02_S1,TT5_cut,CA1,12,2153610512,PYR,18.9413,0.1548,0.215,322.8346,-0.4398,0.0664,2777,4.3731,0.7956,0.144,8.0663,4.6813,0.4428,12.3152,4.625,1252.5358,270.0,4.6412,12.3408,7.6279,0.2157,2.2185,221,40.0,8.0,1.0,,,,,,,,,,,,,,,,,Exc
SST_hM3D,D12-IS215,DAY02,DAY02_2021-03-03_11-36-10,02_S1,TT5_cut,CA1,13,2153610513,PYR_nWf,14.5846,0.3019,0.5502,196.8504,-0.0975,0.1527,1673,2.203,0.4793,0.0,34.4889,28.153,0.0424,49.1392,5.875,2070.0574,262.0,4.5037,13.2557,7.8621,0.3425,2.187,219,37.0,6.0,,,,,,,,,,,,,,,,,,Exc
SST_hM3D,D12-IS215,DAY02,DAY02_2021-03-03_11-36-10,02_S1,TT5_cut,CA1,14,2153610514,PYR,15.869,0.3591,0.5728,220.4724,-0.2538,0.1542,397,0.3818,0.1137,0.0,8.5642,8.5642,0.1634,19.5156,6.031,8585.8494,19.0,0.3266,179.5183,7.0938,0.1008,2.1053,17,2.0,,,,,,,,,,,,,,,,,,,Exc
SST_hM3D,D12-IS215,DAY02,DAY02_2021-03-03_11-36-10,02_S1,TT5_cut,CA1,15,2153610515,PYR,5.0808,0.217,0.3628,267.7165,-0.1964,0.1111,433,0.6377,0.1241,0.0,21.709,18.4758,0.1095,19.4704,4.938,7894.7228,61.0,1.0486,53.7758,7.5266,0.3095,2.1967,49,12.0,,,,,,,,,,,,,,,,,,,Exc
SST_hM3D,D12-IS215,DAY02,DAY02_2021-03-03_11-36-10,02_S1,TT6_cut,CA1,1,2153610601,PYR,9.7192,0.2229,0.3338,267.7165,-0.3355,0.0972,4095,15.0047,1.1732,0.0977,39.243,34.5055,0.0442,23.2144,4.875,851.5672,911.0,15.6598,3.8051,7.9945,0.5238,2.3546,649,209.0,45.0,8.0,,,,,,,,,,,,,,,,,Exc
SST_hM3D,D12-IS215,DAY02,DAY02_2021-03-03_11-36-10,02_S1,TT6_cut,CA1,3,2153610603,PYR,29.8328,0.1407,0.2253,299.2126,-0.2494,0.0673,1495,1.6645,0.4283,0.0,18.5284,14.7826,0.6747,10.7674,4.125,2332.7279,224.0,3.8505,15.4502,7.849,0.3552,2.3705,154,57.0,13.0,,,,,,,,,,,,,,,,,,Exc
SST_hM3D,D12-IS215,DAY02,DAY02_2021-03-03_11-36-10,02_S1,TT6_cut,CA1,5,2153610605,PYR,9.9065,0.1242,0.1924,362.2047,-0.2906,0.059,2887,3.3826,0.8271,0.2425,20.8521,18.3582,0.5074,12.7944,4.625,1208.1844,434.0,7.4603,7.982,7.9302,0.355,2.3618,301,114.0,15.0,3.0,1.0,,,,,,,,,,,,,,,,Exc
SST_hM3D,D12-IS215,DAY02,DAY02_2021-03-03_11-36-10,04_CNO,TT1_cut,CA1,1,2153610101,PYR_nWf,31.8489,0.3736,0.6261,173.2283,-0.1934,0.1729,741,41.2996,0.3921,0.0,50.8772,40.3509,0.0291,29.3731,4.781,2539.5062,179.0,5.6825,10.5464,8.5246,0.5897,2.4413,117,49.0,9.0,4.0,,,,,,,,,,,,,,,,,Exc
SST_hM3D,D12-IS215,DAY02,DAY02_2021-03-03_11-36-10,04_CNO,TT1_cut,CA1,2,2153610102,PYR,3.4632,0.2093,0.2931,322.8346,-0.4281,0.0864,693,26.2059,0.3667,0.0,34.0548,19.9134,0.0132,74.4049,4.125,2682.4015,162.0,5.1428,10.575,7.6545,0.5368,2.2963,120,39.0,1.0,1.0,1.0,,,,,,,,,,,,,,,,Exc
SST_hM3D,D12-IS215,DAY02,DAY02_2021-03-03_11-36-10,04_CNO,TT1_cut,CA1,4,2153610104,PYR_nWf,2.4691,0.1737,0.2419,188.9764,-0.4361,0.0663,81,0.2024,0.0429,0.0,45.679,33.3333,0.0608,25.0768,5.25,22995.8375,14.0,0.4444,130.8567,8.576,0.4198,2.4286,10,3.0,0.0,1.0,,,,,,,,,,,,,,,,,Exc
SST_hM3D,D12-IS215,DAY02,DAY02_2021-03-03_11-36-10,04_CNO,TT1_cut,CA1,5,2153610105,PYR,7.7465,0.09,0.131,291.3386,-0.3746,0.0378,426,1.2608,0.2254,0.0,6.5728,6.1033,0.3072,14.0944,4.594,4410.1476,24.0,0.7619,77.5484,8.7566,0.1268,2.25,20,2.0,2.0,,,,,,,,,,,,,,,,,,Exc
SST_hM3D,D12-IS215,DAY02,DAY02_2021-03-03_11-36-10,04_CNO,TT1_cut,CA1,7,2153610107,PYR,1.4286,0.1073,0.1474,307.0866,-0.4562,0.0421,210,8.002,0.1111,0.0,16.6667,14.7619,0.461,12.3739,5.594,8963.9444,24.0,0.7619,58.7951,10.0612,0.2857,2.5,16,5.0,2.0,1.0,,,,,,,,,,,,,,,,,Exc
SST_hM3D,D12-IS215,DAY02,DAY02_2021-03-03_11-36-10,04_CNO,TT1_cut,CA1,8,2153610108,PYR,1.5865,0.115,0.1548,291.3386,-0.4855,0.0428,2017,33.6635,1.0672,0.0,12.4442,8.4779,0.0322,30.2321,4.5,936.2701,281.0,8.9206,6.5014,8.2042,0.3004,2.1566,244,30.0,7.0,,,,,,,,,,,,,,,,,,Exc
SST_hM3D,D12-IS215,DAY02,DAY02_2021-03-03_11-36-10,04_CNO,TT1_cut,CA1,11,2153610111,PYR_nWf,2.9762,0.1916,0.2748,196.8504,-0.3942,0.0804,168,0.5513,0.0889,0.0,18.4524,5.3571,0.0694,23.3874,4.25,9758.6647,20.0,0.6349,69.7968,7.7953,0.2798,2.35,15,3.0,2.0,,,,,,,,,,,,,,,,,,Exc
SST_hM3D,D12-IS215,DAY02,DAY02_2021-03-03_11-36-10,04_CNO,TT2_cut,CA1,1,2153610201,PYR_nWf,10.8108,0.2001,0.355,196.8504,-0.1273,0.0893,74,0.6958,0.0392,0.0,31.0811,9.4595,0.0546,28.644,4.188,24215.9491,9.0,0.2857,132.4685,11.4828,0.3378,2.7778,5,1.0,3.0,,,,,,,,,,,,,,,,,,Exc
SST_hM3D,D12-IS215,DAY02,DAY02_2021-03-03_11-36-10,04_CNO,TT2_cut,CA1,2,2153610202,PYR_nWf,8.7071,0.2654,0.3873,196.8504,-0.3703,0.1066,379,14.9376,0.2005,0.2639,26.6491,17.6781,0.0455,29.4884,13.469,4924.2632,55.0,1.746,33.8622,9.175,0.3536,2.4364,38,13.0,2.0,1.0,1.0,,,,,,,,,,,,,,,,Exc
SST_hM3D,D12-IS215,DAY02,DAY02_2021-03-03_11-36-10,04_CNO,TT2_cut,CA1,3,2153610203,PYR,8.5758,0.1124,0.1621,307.0866,-0.3863,0.0489,1959,32.968,1.0365,0.0,16.9474,6.0235,0.0322,30.0972,4.125,957.0814,383.0,12.1587,4.7407,7.2527,0.4319,2.2089,319,50.0,12.0,2.0,,,,,,,,,,,,,,,,,Exc
SST_hM3D,D12-IS215,DAY02,DAY02_2021-03-03_11-36-10,04_CNO,TT2_cut,CA1,4,2153610204,PYR,29.2308,0.1875,0.2782,212.5984,-0.3482,0.083,65,0.3576,0.0344,0.0,20.0,29.2308,0.1108,31.3272,4.75,28711.2671,11.0,0.3492,32.3177,7.8494,0.3846,2.2727,8,3.0,,,,,,,,,,,,,,,,,,,Exc
SST_hM3D,D12-IS215,DAY02,DAY02_2021-03-03_11-36-10,04_CNO,TT2_cut,CA1,6,2153610206,PYR,9.2391,0.1604,0.2545,322.8346,-0.2603,0.0809,368,3.3402,0.1947,0.0,17.1196,13.8587,0.372,12.6444,7.063,5097.6198,33.0,1.0476,53.677,7.5378,0.1793,2.0,33,,,,,,,,,,,,,,,,,,,,Exc
SST_hM3D,D12-IS215,DAY02,DAY02_2021-03-03_11-36-10,04_CNO,TT2_cut,CA1,8,2153610208,PYR,16.65,0.1612,0.223,307.0866,-0.4453,0.064,2000,16.2574,1.0582,0.1,11.15,6.85,0.5156,11.9113,4.5,939.8224,260.0,8.2539,7.1896,8.034,0.2865,2.2038,217,35.0,7.0,0.0,1.0,,,,,,,,,,,,,,,,Exc
SST_hM3D,D12-IS215,DAY02,DAY02_2021-03-03_11-36-10,04_CNO,TT2_cut,CA1,10,2153610210,PYR,5.9004,0.1241,0.1728,314.9606,-0.4366,0.0535,2932,43.8467,1.5513,0.2387,19.6794,15.6548,0.1867,16.4319,3.781,641.4026,611.0,19.3967,3.0685,6.7883,0.4625,2.2193,494,103.0,11.0,3.0,,,,,,,,,,,,,,,,,Exc
SST_hM3D,D12-IS215,DAY02,DAY02_2021-03-03_11-36-10,04_CNO,TT2_cut,CA1,11,2153610211,PYR,5.12,0.1828,0.2457,291.3386,-0.4884,0.0684,4082,32.7908,2.1598,0.0245,13.1553,14.0862,0.0249,37.2168,5.125,462.7255,593.0,18.8253,3.0976,7.4111,0.318,2.1889,503,72.0,14.0,4.0,,,,,,,,,,,,,,,,,Exc
SST_hM3D,D12-IS215,DAY02,DAY02_2021-03-03_11-36-10,04_CNO,TT3_cut,CA1,2,2153610302,PYR_nWf,3.1716,0.1971,0.2668,173.2283,-0.4777,0.0698,536,4.212,0.2836,0.0,13.806,8.209,0.2709,14.9973,4.0,3516.5577,55.0,1.746,34.6677,8.5351,0.2388,2.3273,43,7.0,4.0,1.0,,,,,,,,,,,,,,,,,Exc
SST_hM3D,D12-IS215,DAY02,DAY02_2021-03-03_11-36-10,04_CNO,TT3_cut,CA1,5,2153610305,PYR_nWf,6.962,0.3076,0.43,181.1024,-0.4309,0.118,158,1.2574,0.0836,0.0,8.8608,10.1266,0.0597,21.5178,5.719,11901.6783,19.0,0.6032,99.9957,10.2089,0.3038,2.5263,11,6.0,2.0,,,,,,,,,,,,,,,,,,Exc
SST_hM3D,D12-IS215,DAY02,DAY02_2021-03-03_11-36-10,04_CNO,TT3_cut,CA1,6,2153610306,PYR,3.1982,0.2242,0.2757,661.4173,-0.6266,0.0746,1751,30.7826,0.9264,0.0,13.5351,4.8544,0.0151,59.3599,9.0,1069.5234,208.0,6.6031,8.9785,8.6008,0.2758,2.3221,156,38.0,13.0,1.0,,,,,,,,,,,,,,,,,Exc
SST_hM3D,D12-IS215,DAY02,DAY02_2021-03-03_11-36-10,04_CNO,TT3_cut,CA1,7,2153610307,PYR_nWf,4.8649,0.1024,0.1768,188.9764,-0.1588,0.0471,370,2.6127,0.1958,0.0,10.2703,9.1892,0.1193,22.6605,5.375,5045.8249,18.0,0.5714,48.0749,9.3888,0.1135,2.3333,14,2.0,2.0,,,,,,,,,,,,,,,,,,Exc
SST_hM3D,D12-IS215,DAY02,DAY02_2021-03-03_11-36-10,04_CNO,TT3_cut,CA1,8,2153610308,PYR,5.4167,0.2332,0.4056,322.8346,-0.15,0.1302,240,0.6539,0.127,0.0,34.1667,30.8333,0.4011,12.8317,4.5,7482.3491,37.0,1.1746,22.5337,6.5937,0.325,2.1081,34,2.0,1.0,,,,,,,,,,,,,,,,,,Exc
SST_hM3D,D12-IS215,DAY02,DAY02_2021-03-03_11-36-10,04_CNO,TT3_cut,CA1,9,2153610309,PYR,21.118,0.1074,0.1641,322.8346,-0.309,0.0468,644,11.5615,0.3407,0.0,9.472,7.6087,0.2562,17.7454,4.438,2854.135,38.0,1.2063,12.8527,7.4992,0.1242,2.1053,34,4.0,,,,,,,,,,,,,,,,,,,Exc
SST_hM3D,D12-IS215,DAY02,DAY02_2021-03-03_11-36-10,04_CNO,TT3_cut,CA1,11,2153610311,PYR,4.1899,0.1269,0.1702,299.2126,-0.4912,0.0467,358,13.4817,0.1894,0.0,17.3184,16.7598,0.1571,18.2608,4.5,5125.5951,41.0,1.3016,31.3879,6.4253,0.2402,2.0976,37,4.0,,,,,,,,,,,,,,,,,,,Exc
SST_hM3D,D12-IS215,DAY02,DAY02_2021-03-03_11-36-10,04_CNO,TT3_cut,CA1,12,2153610312,PYR,5.5014,0.1259,0.1664,307.0866,-0.5134,0.0465,2872,19.1451,1.5196,0.1393,7.0334,5.2228,0.1455,26.3581,4.125,654.8556,292.0,9.2698,6.3347,7.1787,0.219,2.1541,256,30.0,3.0,3.0,,,,,,,,,,,,,,,,,Exc
SST_hM3D,D12-IS215,DAY02,DAY02_2021-03-03_11-36-10,04_CNO,TT3_cut,CA1,14,2153610314,PYR,45.241,0.1285,0.2041,503.937,-0.259,0.0631,809,3.0341,0.428,0.1236,14.7095,11.9901,0.6909,10.8813,6.0,2317.6105,61.0,1.9365,28.8277,7.6779,0.1644,2.1803,50,11.0,,,,,,,,,,,,,,,,,,,Exc
SST_hM3D,D12-IS215,DAY02,DAY02_2021-03-03_11-36-10,04_CNO,TT5_cut,CA1,1,2153610501,PYR_nWf,6.25,0.2619,0.3835,196.8504,-0.366,0.1058,400,9.5725,0.2116,0.0,13.5,11.5,0.0695,29.6452,4.344,4699.5519,41.0,1.3016,43.0801,6.9596,0.2125,2.0732,38,3.0,,,,,,,,,,,,,,,,,,,Exc
SST_hM3D,D12-IS215,DAY02,DAY02_2021-03-03_11-36-10,04_CNO,TT5_cut,CA1,2,2153610502,PYR,12.1884,0.1884,0.2509,283.4646,-0.5019,0.0692,722,13.7762,0.382,0.0,6.7867,8.1717,0.2953,14.2181,5.094,2595.5475,66.0,2.0952,28.3079,8.0568,0.1994,2.1818,56,9.0,0.0,1.0,,,,,,,,,,,,,,,,,Exc
SST_hM3D,D12-IS215,DAY02,DAY02_2021-03-03_11-36-10,04_CNO,TT5_cut,CA1,5,2153610505,PYR,5.3068,0.1532,0.2098,204.7244,-0.4602,0.0594,603,34.9651,0.319,0.0,12.1061,6.136,0.5706,11.4091,4.656,3131.8603,63.0,2.0,29.1948,8.6651,0.2421,2.3175,45,16.0,2.0,,,,,,,,,,,,,,,,,,Exc
SST_hM3D,D12-IS215,DAY02,DAY02_2021-03-03_11-36-10,04_CNO,TT5_cut,CA1,12,2153610512,PYR,9.3023,0.15,0.2332,283.4646,-0.286,0.0732,129,0.2485,0.0683,0.0,7.7519,7.7519,0.5997,11.2343,5.281,14545.1553,3.0,0.0952,302.8483,6.771,0.0465,2.0,3,,,,,,,,,,,,,,,,,,,,Exc
SST_hM3D,D12-IS215,DAY02,DAY02_2021-03-03_11-36-10,04_CNO,TT5_cut,CA1,13,2153610513,PYR,17.5115,0.3289,0.6519,204.7244,-0.0091,0.1768,217,1.5804,0.1148,0.0,48.8479,41.4747,0.0312,49.0188,6.25,8669.7914,48.0,1.5238,34.6403,8.3482,0.4839,2.1875,39,9.0,,,,,,,,,,,,,,,,,,,Exc
SST_hM3D,D12-IS215,DAY02,DAY02_2021-03-03_11-36-10,04_CNO,TT5_cut,CA1,16,2153610516,PYR,11.3208,0.4526,0.7489,314.9606,-0.2086,0.2022,53,0.3783,0.028,0.0,81.1321,73.5849,0.0008,40.1633,5.5,35428.8341,14.0,0.4444,43.2939,8.4041,0.6981,2.6429,6,7.0,1.0,,,,,,,,,,,,,,,,,,Exc
SST_hM3D,D12-IS215,DAY02,DAY02_2021-03-03_11-36-10,04_CNO,TT6_cut,CA1,1,2153610601,PYR,5.7471,0.1749,0.2533,338.5827,-0.3806,0.076,1653,42.9921,0.8746,0.1815,48.6388,49.4858,0.0796,18.4337,4.344,1142.9036,482.0,15.3015,3.9036,7.7229,0.6963,2.388,326,131.0,20.0,4.0,1.0,,,,,,,,,,,,,,,,Exc
SST_hM3D,D12-IS215,DAY02,DAY02_2021-03-03_11-36-10,04_CNO,TT6_cut,CA1,5,2153610605,PYR,39.8974,0.0916,0.1501,370.0787,-0.2201,0.0484,1950,39.5038,1.0317,0.1538,20.4103,11.5897,0.0888,22.0052,3.875,918.164,324.0,10.2857,5.058,6.6359,0.3533,2.1265,287,34.0,2.0,1.0,,,,,,,,,,,,,,,,,Exc
SST_hM3D,D12-IS215,DAY02,DAY02_2021-03-03_11-36-10,08_S2,TT1_cut,CA1,1,2153610101,PYR_nWf,20.4949,0.3107,0.5082,181.1024,-0.2226,0.1431,1576,15.7895,0.5692,0.0,38.5152,34.835,0.0439,29.3051,4.281,1693.9656,337.0,7.3024,7.9166,8.4898,0.5266,2.4629,212,99.0,22.0,3.0,1.0,,,,,,,,,,,,,,,,Exc
SST_hM3D,D12-IS215,DAY02,DAY02_2021-03-03_11-36-10,08_S2,TT1_cut,CA1,2,2153610102,PYR_nWf,11.7854,0.1793,0.2577,196.8504,-0.3913,0.0748,1137,2.5545,0.4106,0.0,14.9516,16.1829,0.0048,44.2758,4.125,2353.4706,214.0,4.6371,12.3641,9.5547,0.4872,2.5888,124,62.0,21.0,6.0,1.0,,,,,,,,,,,,,,,,Exc
SST_hM3D,D12-IS215,DAY02,DAY02_2021-03-03_11-36-10,08_S2,TT1_cut,CA1,3,2153610103,PYR_nWf,9.5989,0.1758,0.2409,196.8504,-0.4592,0.0658,1396,4.0961,0.5042,0.2865,12.6074,10.3152,0.0169,30.241,5.0,1927.7607,219.0,4.7454,11.7954,8.6928,0.3689,2.3516,163,41.0,9.0,6.0,,,,,,,,,,,,,,,,,Exc
SST_hM3D,D12-IS215,DAY02,DAY02_2021-03-03_11-36-10,08_S2,TT1_cut,CA1,4,2153610104,PYR_nWf,9.375,0.1787,0.2489,181.1024,-0.4363,0.0683,160,0.1855,0.0578,0.0,6.875,4.375,0.1136,18.5753,4.032,16430.3396,15.0,0.325,90.1678,7.3959,0.1938,2.0667,14,1.0,,,,,,,,,,,,,,,,,,,Exc
SST_hM3D,D12-IS215,DAY02,DAY02_2021-03-03_11-36-10,08_S2,TT1_cut,CA1,6,2153610106,PYR,12.963,0.1268,0.1774,291.3386,-0.4287,0.0496,54,0.0753,0.0195,0.0,9.2593,9.2593,0.2793,13.9385,6.562,49520.2394,1.0,0.0217,,6.562,0.037,2.0,1,,,,,,,,,,,,,,,,,,,,Exc
SST_hM3D,D12-IS215,DAY02,DAY02_2021-03-03_11-36-10,08_S2,TT1_cut,CA1,8,2153610108,PYR,1.5991,0.1067,0.1455,299.2126,-0.4664,0.0397,1751,21.9728,0.6324,0.0571,5.9966,2.3415,0.4859,12.0149,4.188,1566.7472,182.0,3.9437,14.3681,7.456,0.2233,2.1484,159,19.0,4.0,,,,,,,,,,,,,,,,,,Exc
SST_hM3D,D12-IS215,DAY02,DAY02_2021-03-03_11-36-10,08_S2,TT1_cut,CA1,10,2153610110,PYR,9.0052,0.138,0.1848,299.2126,-0.4935,0.0515,955,22.2827,0.3449,0.0,6.178,4.5026,0.1492,17.0397,4.656,2773.2667,118.0,2.5569,18.9044,8.7723,0.2806,2.2712,95,17.0,4.0,1.0,1.0,,,,,,,,,,,,,,,,Exc
SST_hM3D,D12-IS215,DAY02,DAY02_2021-03-03_11-36-10,08_S2,TT1_cut,CA1,14,2153610114,PYR,1.0909,0.113,0.158,299.2126,-0.4306,0.044,275,0.7245,0.0993,0.0,5.4545,1.0909,0.6159,11.3098,5.031,9962.932,15.0,0.325,192.6479,7.5625,0.1127,2.0667,14,1.0,,,,,,,,,,,,,,,,,,,Exc
SST_hM3D,D12-IS215,DAY02,DAY02_2021-03-03_11-36-10,08_S2,TT2_cut,CA1,1,2153610201,PYR_nWf,11.6972,0.1872,0.2832,181.1024,-0.3215,0.0726,436,3.9845,0.1575,0.0,27.5229,12.844,0.199,18.7633,3.719,5974.0363,68.0,1.4735,21.0543,7.3597,0.3647,2.3382,49,15.0,4.0,,,,,,,,,,,,,,,,,,Exc
SST_hM3D,D12-IS215,DAY02,DAY02_2021-03-03_11-36-10,08_S2,TT2_cut,CA1,2,2153610202,PYR_nWf,17.4613,0.2109,0.299,196.8504,-0.4106,0.0824,1615,46.071,0.5832,0.3715,15.356,10.4025,0.3973,13.0123,4.625,1711.7091,215.0,4.6588,12.8235,8.1757,0.3121,2.3442,161,40.0,9.0,4.0,1.0,,,,,,,,,,,,,,,,Exc
SST_hM3D,D12-IS215,DAY02,DAY02_2021-03-03_11-36-10,08_S2,TT2_cut,CA1,4,2153610204,PYR_nWf,24.031,0.1718,0.2762,188.9764,-0.2441,0.0746,129,6.0658,0.0466,0.0,23.2558,9.3023,0.0861,18.8554,4.781,16630.21,32.0,0.6934,10.6255,8.0664,0.5426,2.1875,26,6.0,,,,,,,,,,,,,,,,,,,Exc
SST_hM3D,D12-IS215,DAY02,DAY02_2021-03-03_11-36-10,08_S2,TT2_cut,CA1,5,2153610205,PYR,21.6842,0.2255,0.3569,212.5984,-0.2636,0.0939,475,1.7995,0.1715,0.2105,19.1579,18.7368,0.4624,12.8256,4.5,5676.574,53.0,1.1484,32.4924,7.8202,0.2632,2.3585,37,13.0,3.0,,,,,,,,,,,,,,,,,,Exc
SST_hM3D,D12-IS215,DAY02,DAY02_2021-03-03_11-36-10,08_S2,TT2_cut,CA1,6,2153610206,PYR,7.2432,0.1734,0.2752,346.4567,-0.2598,0.0783,925,4.2653,0.3341,0.0,25.8378,24.3243,0.1933,15.9362,5.5,2400.4239,131.0,2.8386,12.5332,7.4821,0.2973,2.0992,121,8.0,1.0,1.0,,,,,,,,,,,,,,,,,Exc
SST_hM3D,D12-IS215,DAY02,DAY02_2021-03-03_11-36-10,08_S2,TT2_cut,CA1,7,2153610207,PYR,12.3043,0.1094,0.1659,283.4646,-0.319,0.0481,894,3.6477,0.3229,0.0,7.3826,2.6846,0.2619,14.7012,3.969,3071.4432,97.0,2.1019,27.8553,7.4656,0.236,2.1753,83,11.0,3.0,,,,,,,,,,,,,,,,,,Exc
SST_hM3D,D12-IS215,DAY02,DAY02_2021-03-03_11-36-10,08_S2,TT2_cut,CA1,9,2153610209,PYR_nWf,9.4044,0.1662,0.2574,196.8504,-0.2912,0.0701,638,8.3668,0.2304,0.0,26.6458,20.0627,0.115,21.9143,4.625,4130.5156,104.0,2.2535,18.4202,8.7741,0.4154,2.5481,62,32.0,7.0,1.0,2.0,,,,,,,,,,,,,,,,Exc
SST_hM3D,D12-IS215,DAY02,DAY02_2021-03-03_11-36-10,08_S2,TT2_cut,CA1,10,2153610210,PYR,22.4914,0.1131,0.1645,354.3307,-0.3751,0.0499,4086,45.4344,1.4756,0.2937,14.2927,8.1253,0.3963,12.7576,4.75,674.6791,580.0,12.5678,4.7147,7.6078,0.3179,2.2397,460,104.0,14.0,1.0,1.0,,,,,,,,,,,,,,,,Exc
SST_hM3D,D12-IS215,DAY02,DAY02_2021-03-03_11-36-10,08_S2,TT2_cut,CA1,15,2153610215,PYR,8.0851,0.3001,0.4611,220.4724,-0.3017,0.128,235,1.6808,0.0849,0.0,34.4681,31.0638,0.0503,32.3845,6.0,6733.617,33.0,0.7151,33.4357,9.858,0.3574,2.5455,18,12.0,3.0,,,,,,,,,,,,,,,,,,Exc
SST_hM3D,D12-IS215,DAY02,DAY02_2021-03-03_11-36-10,08_S2,TT3_cut,CA1,2,2153610302,PYR_nWf,9.4198,0.2335,0.3148,173.2283,-0.4834,0.081,1603,3.2641,0.5789,0.1248,10.9794,8.3593,0.1797,19.6364,7.844,1698.7509,183.0,3.9654,12.2241,7.9809,0.2539,2.224,144,37.0,2.0,,,,,,,,,,,,,,,,,,Exc
SST_hM3D,D12-IS215,DAY02,DAY02_2021-03-03_11-36-10,08_S2,TT3_cut,CA1,4,2153610304,PYR_nWf,6.0423,0.1974,0.2962,173.2283,-0.3328,0.0739,993,18.5191,0.3586,0.0,20.5438,11.8832,0.2108,19.9848,7.75,2556.3423,104.0,2.2535,7.8019,7.2536,0.2236,2.1346,90,14.0,,,,,,,,,,,,,,,,,,,Exc
SST_hM3D,D12-IS215,DAY02,DAY02_2021-03-03_11-36-10,08_S2,TT3_cut,CA1,5,2153610305,PYR_nWf,8.6914,0.2993,0.4327,181.1024,-0.3833,0.1177,1024,2.1577,0.3698,0.0977,15.332,8.4961,0.0563,28.8744,3.75,2449.9318,123.0,2.6653,17.4612,7.5656,0.2598,2.1626,104,18.0,1.0,,,,,,,,,,,,,,,,,,Exc
SST_hM3D,D12-IS215,DAY02,DAY02_2021-03-03_11-36-10,08_S2,TT3_cut,CA1,6,2153610306,PYR_nWf,6.5207,0.2079,0.2501,181.1024,-0.6631,0.0692,2009,27.4084,0.7255,0.1493,7.3171,4.1314,0.108,21.5373,4.375,1378.2481,226.0,4.8971,12.2122,8.8803,0.2703,2.4027,169,34.0,13.0,9.0,1.0,,,,,,,,,,,,,,,,Exc
SST_hM3D,D12-IS215,DAY02,DAY02_2021-03-03_11-36-10,08_S2,TT3_cut,CA1,9,2153610309,PYR,18.5915,0.1155,0.1826,307.0866,-0.2653,0.0512,1775,16.1277,0.641,0.0,9.6338,9.0704,0.0895,35.7954,6.031,798.5008,80.0,1.7335,9.075,7.952,0.0952,2.1125,71,9.0,,,,,,,,,,,,,,,,,,,Exc
SST_hM3D,D12-IS215,DAY02,DAY02_2021-03-03_11-36-10,08_S2,TT3_cut,CA1,10,2153610310,PYR,11.9205,0.1362,0.1885,275.5906,-0.4451,0.0535,151,19.1264,0.0545,0.0,9.9338,8.6093,0.8703,10.0552,54.875,17976.5013,17.0,0.3684,167.3379,6.5716,0.2384,2.1176,15,2.0,,,,,,,,,,,,,,,,,,,Exc
SST_hM3D,D12-IS215,DAY02,DAY02_2021-03-03_11-36-10,08_S2,TT3_cut,CA1,11,2153610311,PYR_nWf,9.1864,0.1795,0.2457,181.1024,-0.4616,0.0643,762,5.7724,0.2752,0.0,8.7927,7.7428,0.2252,16.2956,4.531,3620.5153,81.0,1.7552,32.5781,7.8626,0.2336,2.1975,68,10.0,3.0,,,,,,,,,,,,,,,,,,Exc
SST_hM3D,D12-IS215,DAY02,DAY02_2021-03-03_11-36-10,08_S2,TT3_cut,CA1,14,2153610314,PYR,39.6364,0.1644,0.2307,543.3071,-0.4256,0.0695,1375,6.6971,0.4966,0.2909,14.1818,8.5091,0.4718,12.2815,4.594,1992.9391,107.0,2.3186,23.0994,8.39,0.1738,2.2336,84,21.0,2.0,,,,,,,,,,,,,,,,,,Exc
SST_hM3D,D12-IS215,DAY02,DAY02_2021-03-03_11-36-10,08_S2,TT5_cut,CA1,1,2153610501,PYR,10.7692,0.2103,0.3018,204.7244,-0.3938,0.0852,650,1.842,0.2347,0.0,9.0769,4.1538,0.2139,17.5058,4.219,4076.1571,49.0,1.0618,49.8654,7.5683,0.1646,2.1837,42,5.0,2.0,,,,,,,,,,,,,,,,,,Exc
SST_hM3D,D12-IS215,DAY02,DAY02_2021-03-03_11-36-10,08_S2,TT5_cut,CA1,4,2153610504,PYR,10.6641,0.2668,0.3728,299.2126,-0.4313,0.1085,1566,10.0681,0.5656,0.0639,40.8046,35.3129,0.1057,26.4821,5.0,1709.5263,413.0,8.9492,4.1407,9.112,0.659,2.4988,246,134.0,27.0,6.0,,,,,,,,,,,,,,,,,Exc
SST_hM3D,D12-IS215,DAY02,DAY02_2021-03-03_11-36-10,08_S2,TT5_cut,CA1,10,2153610510,PYR,18.0371,0.3273,0.5174,283.4646,-0.2651,0.1469,377,4.8435,0.1362,0.0,39.5225,34.748,0.4933,11.9852,3.687,7298.5431,79.0,1.7118,18.4099,18.4668,0.4775,2.2785,59,18.0,2.0,,,,,,,,,,,,,,,,,,Exc
SST_hM3D,D12-IS215,DAY02,DAY02_2021-03-03_11-36-10,08_S2,TT5_cut,CA1,11,2153610511,PYR,15.7407,0.2498,0.3646,204.7244,-0.3702,0.1003,216,0.5269,0.078,0.0,13.8889,7.4074,0.5897,10.6003,4.438,10916.2903,17.0,0.3684,83.9796,9.0607,0.1713,2.1765,14,3.0,,,,,,,,,,,,,,,,,,,Exc
SST_hM3D,D12-IS215,DAY02,DAY02_2021-03-03_11-36-10,08_S2,TT5_cut,CA1,13,2153610513,PYR,17.7723,0.2536,0.4534,251.9685,-0.1188,0.1311,1221,6.6388,0.441,0.1638,38.7387,30.3849,0.1176,26.0675,7.0,2181.2766,242.0,5.2438,7.7176,7.9322,0.4308,2.1736,205,32.0,5.0,,,,,,,,,,,,,,,,,,Exc
SST_hM3D,D12-IS215,DAY02,DAY02_2021-03-03_11-36-10,08_S2,TT5_cut,CA1,16,2153610516,PYR,21.5385,0.3631,0.5668,244.0945,-0.2813,0.1518,260,1.6998,0.0939,0.0,26.1538,24.6154,0.2207,15.65,5.875,10340.2302,33.0,0.7151,40.5086,7.3465,0.2808,2.2121,27,5.0,1.0,,,,,,,,,,,,,,,,,,Exc
SST_hM3D,D12-IS215,DAY02,DAY02_2021-03-03_11-36-10,08_S2,TT6_cut,CA1,1,2153610601,PYR,5.8184,0.1333,0.1909,338.5827,-0.3967,0.0567,6806,45.3881,2.458,0.4114,23.9641,19.8501,0.3454,15.0154,4.75,404.2499,1393.0,30.1845,1.9687,7.6136,0.4724,2.308,1055,275.0,44.0,12.0,5.0,2.0,,,,,,,,,,,,,,,Exc
SST_hM3D,D12-IS215,DAY02,DAY02_2021-03-03_11-36-10,08_S2,TT6_cut,CA1,2,2153610602,PYR,11.5893,0.109,0.1631,299.2126,-0.336,0.0487,6506,15.1298,2.3496,0.4765,19.6127,13.3108,0.6926,10.6005,4.625,425.138,1027.0,22.2538,2.6508,7.3169,0.3583,2.2697,803,187.0,23.0,12.0,2.0,,,,,,,,,,,,,,,,Exc
SST_hM3D,D12-IS215,DAY02,DAY02_2021-03-03_11-36-10,08_S2,TT6_cut,CA1,3,2153610603,PYR,12.9231,0.1274,0.1994,330.7087,-0.2777,0.0602,325,0.6614,0.1174,0.3077,35.0769,12.3077,0.1547,19.6124,4.906,8179.2113,75.0,1.6252,33.7719,8.0579,0.5538,2.4,53,14.0,8.0,,,,,,,,,,,,,,,,,,Exc
SST_hM4D,D16-IS256,DAY02,DAY02_2021-05-01_15-59-28,02_S1,TT2_cut,CA1_dist,3,2565928203,PYR,19.4048,0.1288,0.1732,283.4646,-0.4876,0.0508,840,7.5875,0.466,0.2381,5.4762,0.0,0.4526,12.4832,4.313,2147.7066,87.0,2.8956,19.645,7.953,0.2393,2.3103,63,21.0,3.0,,,,,,,,,,,,,,,,,,Inh
SST_hM4D,D16-IS256,DAY02,DAY02_2021-05-01_15-59-28,02_S1,TT3_cut,CA1_inter,2,2565928302,PYR,10.2545,0.1033,0.1449,314.9606,-0.4259,0.046,4086,34.2719,2.2665,0.4161,9.3245,6.045,0.2237,15.1326,4.625,440.9649,709.0,23.5971,2.5425,11.8684,0.4058,2.3385,518,150.0,33.0,8.0,,,,,,,,,,,,,,,,,Inh
SST_hM4D,D16-IS256,DAY02,DAY02_2021-05-01_15-59-28,02_S1,TT3_cut,CA1_inter,3,2565928303,PYR,10.5199,0.1803,0.2493,236.2205,-0.4469,0.0751,4078,33.7245,2.2621,0.1471,17.9009,15.3507,0.107,22.6576,4.5,438.8362,652.0,21.7,2.6897,8.2335,0.3678,2.3006,489,132.0,29.0,2.0,,,,,,,,,,,,,,,,,Inh
SST_hM4D,D16-IS256,DAY02,DAY02_2021-05-01_15-59-28,02_S1,TT4_cut,CA1_prox,1,2565928401,PYR_nWf,4.7551,0.2446,0.3486,188.9764,-0.403,0.0973,5636,16.4527,3.1263,0.0177,17.9915,13.3428,0.0476,32.9975,4.375,319.4136,621.0,20.6683,2.8949,4.8446,0.2213,2.0081,616,5.0,,,,,,,,,,,,,,,,,,,Inh
SST_hM4D,D16-IS256,DAY02,DAY02_2021-05-01_15-59-28,02_S1,TT4_cut,CA1_prox,2,2565928402,PYR,8.869,0.2308,0.3414,385.8268,-0.3519,0.1008,1229,3.0883,0.6817,0.0814,25.6306,16.6802,0.4277,13.0484,5.625,1463.2899,195.0,6.49,8.5704,7.7986,0.3523,2.2205,157,34.0,3.0,1.0,,,,,,,,,,,,,,,,,Inh
SST_hM4D,D16-IS256,DAY02,DAY02_2021-05-01_15-59-28,02_S1,TT4_cut,CA1_prox,4,2565928404,PYR,9.8059,0.1148,0.1623,330.7087,-0.4147,0.0469,3967,34.0536,2.2005,0.3025,11.3436,4.9912,0.228,15.401,5.125,454.1099,570.0,18.9709,3.1215,8.0394,0.3423,2.3825,419,107.0,29.0,10.0,3.0,1.0,1.0,,,,,,,,,,,,,,Inh
SST_hM4D,D16-IS256,DAY02,DAY02_2021-05-01_15-59-28,02_S1,TT4_cut,CA1_prox,5,2565928405,PYR,14.3862,0.148,0.2111,267.7165,-0.4025,0.0623,1849,14.4271,1.0256,0.1082,6.9227,4.7593,0.2387,15.0916,4.25,973.3134,209.0,6.956,8.5706,8.1494,0.2564,2.2679,163,38.0,6.0,2.0,,,,,,,,,,,,,,,,,Inh
SST_hM4D,D16-IS256,DAY02,DAY02_2021-05-01_15-59-28,02_S1,TT4_cut,CA1_prox,6,2565928406,PYR,11.4428,0.1427,0.2153,236.2205,-0.3258,0.0643,2814,29.0152,1.5604,0.0,22.2459,13.5039,0.1753,16.3855,5.5,640.7446,446.0,14.8439,4.0424,8.0415,0.3632,2.2915,340,86.0,16.0,4.0,,,,,,,,,,,,,,,,,Inh
SST_hM4D,D16-IS256,DAY02,DAY02_2021-05-01_15-59-28,02_S1,TT4_cut,CA1_prox,7,2565928407,PYR,10.5802,0.099,0.1468,267.7165,-0.3494,0.0444,293,0.5811,0.1625,0.0,16.3823,21.1604,0.8292,11.5864,3.844,6150.2948,47.0,1.5643,35.634,6.2108,0.3413,2.1277,41,6.0,,,,,,,,,,,,,,,,,,,Inh
SST_hM4D,D16-IS256,DAY02,DAY02_2021-05-01_15-59-28,02_S1,TT6_cut,CA1_dist,1,2565928601,PYR,15.2651,0.211,0.3007,220.4724,-0.4036,0.0866,2188,14.2119,1.2137,0.3199,21.5265,18.4186,0.1304,18.2063,3.75,820.6011,406.0,13.5126,3.9918,6.61,0.4154,2.2389,321,75.0,8.0,2.0,,,,,,,,,,,,,,,,,Inh
SST_hM4D,D16-IS256,DAY02,DAY02_2021-05-01_15-59-28,02_S1,TT6_cut,CA1_dist,2,2565928602,PYR,11.7543,0.1691,0.2364,259.8425,-0.4304,0.0694,3386,14.9072,1.8782,0.0295,11.2522,10.3071,0.3386,13.7555,4.625,531.9572,432.0,14.3779,4.1527,8.053,0.3021,2.3681,308,96.0,21.0,7.0,,,,,,,,,,,,,,,,,Inh
SST_hM4D,D16-IS256,DAY02,DAY02_2021-05-01_15-59-28,02_S1,TT6_cut,CA1_dist,6,2565928606,PYR_nWf,20.9486,0.1959,0.2974,188.9764,-0.3172,0.0769,253,2.3509,0.1403,0.0,16.2055,3.5573,0.0941,24.6165,4.594,6225.7883,18.0,0.5991,76.2059,7.2743,0.1581,2.2222,14,4.0,,,,,,,,,,,,,,,,,,,Inh
SST_hM4D,D16-IS256,DAY02,DAY02_2021-05-01_15-59-28,02_S1,TT6_cut,CA1_dist,7,2565928607,PYR,5.8888,0.154,0.2134,228.3465,-0.4434,0.0587,917,4.1098,0.5087,0.1091,9.4875,2.072,0.1981,16.9591,5.469,1960.5363,91.0,3.0287,18.5281,7.6249,0.2225,2.2418,74,13.0,3.0,1.0,,,,,,,,,,,,,,,,,Inh
SST_hM4D,D16-IS256,DAY02,DAY02_2021-05-01_15-59-28,02_S1,TT8_cut,XX,1,2565928801,PYR_nWf,5.561,0.1667,0.2331,196.8504,-0.4305,0.0658,6078,28.1519,3.3715,0.2632,20.9773,16.535,0.0124,39.6185,4.375,296.5038,1481.0,49.291,1.2011,7.1521,0.535,2.1958,1225,226.0,27.0,2.0,1.0,,,,,,,,,,,,,,,,Inh
SST_hM4D,D16-IS256,DAY02,DAY02_2021-05-01_15-59-28,02_S1,TT8_cut,XX,3,2565928803,PYR,10.7822,0.1318,0.189,251.9685,-0.3944,0.0568,473,3.4419,0.2624,0.2114,8.8795,7.1882,0.1386,18.1607,13.875,3788.0113,54.0,1.7972,22.9753,7.544,0.2495,2.1852,46,7.0,0.0,1.0,,,,,,,,,,,,,,,,,Inh
SST_hM4D,D16-IS256,DAY02,DAY02_2021-05-01_15-59-28,02_S1,TT8_cut,XX,4,2565928804,PYR,4.908,0.2275,0.3578,212.5984,-0.2718,0.0986,163,1.964,0.0904,0.0,38.6503,37.4233,0.027,37.2782,5.25,9906.792,36.0,1.1982,34.7759,8.2118,0.5031,2.2778,28,7.0,0.0,1.0,,,,,,,,,,,,,,,,,Inh
SST_hM4D,D16-IS256,DAY02,DAY02_2021-05-01_15-59-28,02_S1,TT8_cut,XX,6,2565928806,PYR_nWf,10.4492,0.167,0.2533,188.9764,-0.3191,0.0691,1024,4.6942,0.568,0.0977,24.9023,23.7305,0.4993,12.2236,4.156,1644.3176,181.0,6.0241,9.1697,7.8498,0.4238,2.3978,129,38.0,10.0,2.0,2.0,,,,,,,,,,,,,,,,Inh
SST_hM4D,D16-IS256,DAY02,DAY02_2021-05-01_15-59-28,04_CNO,TT2_cut,CA1_dist,1,2565928201,PYR,8.5131,0.154,0.224,220.4724,-0.3752,0.0652,4358,59.4969,2.2771,0.3212,14.6856,14.089,0.189,16.2444,4.25,438.8052,756.0,23.7007,2.5191,8.2627,0.416,2.3981,533,162.0,44.0,17.0,,,,,,,,,,,,,,,,,Inh
SST_hM4D,D16-IS256,DAY02,DAY02_2021-05-01_15-59-28,04_CNO,TT2_cut,CA1_dist,3,2565928203,PYR,20.1633,0.1323,0.1803,291.3386,-0.4673,0.0533,1225,17.3292,0.6401,0.0816,7.3469,7.3469,0.1728,16.4912,5.625,1536.7045,182.0,5.7057,9.6035,8.8267,0.3608,2.4286,125,40.0,14.0,2.0,1.0,,,,,,,,,,,,,,,,Inh
SST_hM4D,D16-IS256,DAY02,DAY02_2021-05-01_15-59-28,04_CNO,TT3_cut,CA1_inter,2,2565928302,PYR,12.7416,0.1073,0.1508,307.0866,-0.423,0.0471,3932,29.0588,2.0545,0.3306,9.1302,4.6541,0.4388,12.4648,4.844,484.6316,614.0,19.249,3.0821,7.8391,0.3589,2.298,470,110.0,29.0,5.0,,,,,,,,,,,,,,,,,Inh
SST_hM4D,D16-IS256,DAY02,DAY02_2021-05-01_15-59-28,04_CNO,TT3_cut,CA1_inter,3,2565928303,PYR,15.7593,0.2188,0.2815,275.5906,-0.5541,0.0773,349,1.4807,0.1824,0.0,12.6074,12.0344,0.0459,22.4367,4.531,5026.355,61.0,1.9124,15.5728,8.994,0.4241,2.4262,40,16.0,5.0,,,,,,,,,,,,,,,,,,Inh
SST_hM4D,D16-IS256,DAY02,DAY02_2021-05-01_15-59-28,04_CNO,TT4_cut,CA1_prox,1,2565928401,PYR_nWf,4.5681,0.2051,0.2815,196.8504,-0.4572,0.0804,6830,24.024,3.5687,0.0878,14.5388,11.3177,0.0478,26.6496,4.625,280.2213,784.0,24.5785,2.4397,5.1744,0.2351,2.0485,751,29.0,3.0,1.0,,,,,,,,,,,,,,,,,Inh
SST_hM4D,D16-IS256,DAY02,DAY02_2021-05-01_15-59-28,04_CNO,TT4_cut,CA1_prox,2,2565928402,PYR,8.5826,0.2434,0.3733,370.0787,-0.3041,0.1086,769,1.4637,0.4018,0.0,26.9181,20.4161,0.2924,14.6569,5.219,2430.3447,109.0,3.4172,16.505,7.2862,0.3069,2.1651,92,16.0,1.0,,,,,,,,,,,,,,,,,,Inh
SST_hM4D,D16-IS256,DAY02,DAY02_2021-05-01_15-59-28,04_CNO,TT4_cut,CA1_prox,4,2565928404,PYR,8.4843,0.1421,0.1925,354.3307,-0.4759,0.0551,5905,25.3476,3.0854,0.3048,11.5495,7.79,0.0961,22.1305,3.875,323.6158,1002.0,31.4128,1.8391,7.8722,0.4125,2.4311,674,246.0,63.0,16.0,3.0,,,,,,,,,,,,,,,,Inh
SST_hM4D,D16-IS256,DAY02,DAY02_2021-05-01_15-59-28,04_CNO,TT4_cut,CA1_prox,6,2565928406,PYR,33.6728,0.1417,0.2066,338.5827,-0.3716,0.0656,10507,51.1314,5.4899,0.2665,27.7529,14.6188,0.1446,17.0838,3.875,182.1424,2166.0,67.9043,0.8815,8.0067,0.4783,2.3204,1654,380.0,92.0,31.0,8.0,1.0,,,,,,,,,,,,,,,Inh
SST_hM4D,D16-IS256,DAY02,DAY02_2021-05-01_15-59-28,04_CNO,TT4_cut,CA1_prox,7,2565928407,PYR,21.1633,0.1164,0.1736,267.7165,-0.3407,0.0535,1427,5.4934,0.7456,0.4205,14.2957,9.11,0.9476,10.6164,4.0,1337.9159,226.0,7.0851,7.6438,6.3738,0.3469,2.1903,187,35.0,4.0,,,,,,,,,,,,,,,,,,Inh
SST_hM4D,D16-IS256,DAY02,DAY02_2021-05-01_15-59-28,04_CNO,TT4_cut,CA1_prox,8,2565928408,PYR,10.1286,0.1649,0.2523,314.9606,-0.3066,0.0739,622,0.9915,0.325,0.0,7.074,2.8939,0.7489,10.66,4.188,2999.0555,35.0,1.0973,40.2186,6.8688,0.1238,2.2,29,5.0,1.0,,,,,,,,,,,,,,,,,,Inh
SST_hM4D,D16-IS256,DAY02,DAY02_2021-05-01_15-59-28,04_CNO,TT6_cut,CA1_dist,1,2565928601,PYR_nWf,33.3333,0.3243,0.4675,181.1024,-0.3876,0.1236,213,0.3269,0.1113,0.4695,25.8216,14.554,0.0145,27.7965,12.781,8469.0283,30.0,0.9405,51.3342,8.7854,0.338,2.4,21,6.0,3.0,,,,,,,,,,,,,,,,,,Inh
SST_hM4D,D16-IS256,DAY02,DAY02_2021-05-01_15-59-28,04_CNO,TT6_cut,CA1_dist,2,2565928602,PYR,14.4826,0.1715,0.2329,283.4646,-0.4729,0.0687,3991,25.6608,2.0853,0.4009,13.0544,11.3004,0.2178,15.9503,3.75,468.5923,647.0,20.2835,2.8553,7.511,0.3779,2.3308,480,123.0,41.0,3.0,,,,,,,,,,,,,,,,,Inh
SST_hM4D,D16-IS256,DAY02,DAY02_2021-05-01_15-59-28,04_CNO,TT6_cut,CA1_dist,7,2565928607,PYR,8.8093,0.1439,0.1975,220.4724,-0.4579,0.0547,1033,4.1677,0.5397,0.0,6.0987,5.5179,0.3998,12.8217,3.563,1844.232,85.0,2.6648,21.3877,7.1415,0.181,2.2,70,13.0,2.0,,,,,,,,,,,,,,,,,,Inh
SST_hM4D,D16-IS256,DAY02,DAY02_2021-05-01_15-59-28,04_CNO,TT8_cut,XX,1,2565928801,PYR,7.6617,0.1545,0.2155,220.4724,-0.4341,0.0633,6030,44.8499,3.1507,0.4312,21.4594,17.3134,0.1783,16.8671,4.25,315.4253,1415.0,44.3604,1.3041,7.8891,0.5632,2.4,970,355.0,64.0,22.0,3.0,1.0,,,,,,,,,,,,,,,Inh
SST_hM4D,D16-IS256,DAY02,DAY02_2021-05-01_15-59-28,04_CNO,TT8_cut,XX,4,2565928804,PYR,30.4688,0.0988,0.1545,377.9528,-0.2789,0.0483,128,0.2968,0.0669,0.0,5.4688,-0.7813,0.561,11.7311,4.969,14484.4678,4.0,0.1254,440.5124,7.3515,0.0703,2.25,3,1.0,,,,,,,,,,,,,,,,,,,Inh
SST_hM4D,D16-IS256,DAY02,DAY02_2021-05-01_15-59-28,04_CNO,TT8_cut,XX,7,2565928807,PYR,13.6929,0.1896,0.274,228.3465,-0.3837,0.0769,964,7.9839,0.5037,0.4149,18.0498,9.1286,0.3594,13.6262,4.625,1936.1027,148.0,4.6398,10.3331,8.036,0.3672,2.3919,105,29.0,13.0,1.0,,,,,,,,,,,,,,,,,Inh
SST_hM4D,D16-IS256,DAY02,DAY02_2021-05-01_15-59-28,08_S2,TT2_cut,CA1_dist,3,2565928203,PYR,5.9294,0.0576,0.0961,346.4567,-0.1975,0.0329,2749,29.1018,1.3707,0.1819,10.04,3.1284,0.3116,13.8159,3.375,728.6589,422.0,12.6249,4.7187,8.0787,0.3921,2.5545,288,76.0,25.0,25.0,7.0,1.0,,,,,,,,,,,,,,,Inh
SST_hM4D,D16-IS256,DAY02,DAY02_2021-05-01_15-59-28,08_S2,TT2_cut,CA1_dist,6,2565928206,PYR,15.3684,0.1423,0.1853,251.9685,-0.5359,0.0534,950,5.9345,0.4737,0.1053,9.3684,4.1053,0.2001,16.4287,3.875,2111.7635,115.0,3.4404,16.0083,9.048,0.2968,2.4522,77,28.0,6.0,4.0,,,,,,,,,,,,,,,,,Inh
SST_hM4D,D16-IS256,DAY02,DAY02_2021-05-01_15-59-28,08_S2,TT2_cut,CA1_dist,7,2565928207,PYR_nWf,13.5531,0.2685,0.3786,188.9764,-0.4186,0.1031,273,0.3211,0.1361,0.0,16.1172,16.1172,0.0392,26.0657,4.0,6660.2124,25.0,0.7479,70.9555,9.9862,0.2234,2.44,16,7.0,2.0,,,,,,,,,,,,,,,,,,Inh
SST_hM4D,D16-IS256,DAY02,DAY02_2021-05-01_15-59-28,08_S2,TT3_cut,CA1_inter,1,2565928301,PYR,22.8053,0.1329,0.1907,236.2205,-0.3939,0.0587,3087,39.4503,1.5392,0.4211,9.8801,4.438,0.9184,10.9319,7.375,649.6887,439.0,13.1335,4.4872,9.5319,0.3486,2.451,302,95.0,28.0,11.0,1.0,2.0,,,,,,,,,,,,,,,Inh
SST_hM4D,D16-IS256,DAY02,DAY02_2021-05-01_15-59-28,08_S2,TT3_cut,CA1_inter,2,2565928302,PYR,7.0981,0.0967,0.1394,314.9606,-0.3872,0.043,2874,15.1245,1.433,0.1044,6.7502,4.8017,0.4462,12.8377,4.75,696.6706,372.0,11.1291,5.3075,7.7106,0.2958,2.2849,289,63.0,17.0,3.0,,,,,,,,,,,,,,,,,Inh
SST_hM4D,D16-IS256,DAY02,DAY02_2021-05-01_15-59-28,08_S2,TT4_cut,CA1_prox,1,2565928401,PYR_nWf,2.7358,0.2404,0.3213,196.8504,-0.4962,0.0935,4825,12.4823,2.4053,0.0,12.7668,12.8497,0.0864,22.1819,4.281,415.6934,473.0,14.1507,4.1424,4.841,0.1981,2.0211,464,8.0,1.0,,,,,,,,,,,,,,,,,,Inh
SST_hM4D,D16-IS256,DAY02,DAY02_2021-05-01_15-59-28,08_S2,TT4_cut,CA1_prox,2,2565928402,PYR,4.2969,0.1939,0.2757,425.1969,-0.4063,0.0848,2560,5.624,1.2765,0.0781,18.5156,18.4375,0.3668,13.2508,4.625,763.8914,430.0,12.8642,4.4358,7.4882,0.3625,2.1581,371,50.0,9.0,,,,,,,,,,,,,,,,,,Inh
SST_hM4D,D16-IS256,DAY02,DAY02_2021-05-01_15-59-28,08_S2,TT4_cut,CA1_prox,4,2565928404,PYR,7.7303,0.1147,0.1558,314.9606,-0.4733,0.0442,4450,20.9809,2.2188,0.4494,6.427,3.3708,0.2532,15.096,4.062,450.778,591.0,17.6809,3.2488,8.34,0.3247,2.445,417,111.0,44.0,13.0,5.0,1.0,,,,,,,,,,,,,,,Inh
SST_hM4D,D16-IS256,DAY02,DAY02_2021-05-01_15-59-28,08_S2,TT4_cut,CA1_prox,6,2565928406,PYR,11.9933,0.1293,0.1875,228.3465,-0.3799,0.0556,4194,22.298,2.0912,0.0715,10.7058,5.5079,0.0964,19.6096,4.375,477.881,701.0,20.9717,2.8519,8.7993,0.4032,2.4123,485,154.0,52.0,9.0,1.0,,,,,,,,,,,,,,,,Inh
SST_hM4D,D16-IS256,DAY02,DAY02_2021-05-01_15-59-28,08_S2,TT6_cut,CA1_dist,1,2565928601,PYR_nWf,7.4018,0.5208,0.8474,196.8504,-0.229,0.2206,1324,10.0897,0.6602,0.0755,41.4653,40.71,0.1057,26.083,4.281,1497.8585,230.0,6.8809,8.2668,6.9965,0.3882,2.2348,185,36.0,9.0,,,,,,,,,,,,,,,,,,Inh
SST_hM4D,D16-IS256,DAY02,DAY02_2021-05-01_15-59-28,08_S2,TT6_cut,CA1_dist,2,2565928602,PYR,15.4436,0.3353,0.4911,283.4646,-0.3656,0.143,2085,23.0609,1.0396,0.1439,30.2638,31.7986,0.1165,19.1857,4.594,958.8865,413.0,12.3557,4.8359,6.8221,0.4408,2.2252,331,71.0,11.0,,,,,,,,,,,,,,,,,,Inh
SST_hM4D,D16-IS256,DAY02,DAY02_2021-05-01_15-59-28,08_S2,TT6_cut,CA1_dist,3,2565928603,PYR_nWf,37.1303,0.3185,0.6174,181.1024,-0.0318,0.1488,10008,63.0971,4.9896,0.05,5.1659,3.3673,0.0025,103.7509,17.5,200.3995,492.0,14.7191,4.0474,8.8783,0.1075,2.187,421,51.0,19.0,1.0,,,,,,,,,,,,,,,,,Inh
SST_hM4D,D16-IS256,DAY02,DAY02_2021-05-01_15-59-28,08_S2,TT6_cut,CA1_dist,4,2565928604,PYR_nWf,27.6765,0.2186,0.3245,196.8504,-0.3476,0.0888,878,6.3562,0.4378,0.3417,10.9339,5.9226,0.1045,21.1378,4.75,2193.5074,102.0,3.0515,18.983,7.7923,0.262,2.2549,80,18.0,4.0,,,,,,,,,,,,,,,,,,Inh
SST_hM4D,D16-IS256,DAY02,DAY02_2021-05-01_15-59-28,08_S2,TT6_cut,CA1_dist,5,2565928605,PYR,20.7676,0.2172,0.3204,251.9685,-0.3555,0.0942,1459,3.2298,0.7275,0.0685,18.3687,17.9575,3.292,10.0287,5.5,1372.1131,181.0,5.4149,10.2252,8.9382,0.3146,2.5359,118,38.0,17.0,7.0,1.0,,,,,,,,,,,,,,,,Inh
SST_hM4D,D16-IS256,DAY02,DAY02_2021-05-01_15-59-28,08_S2,TT6_cut,CA1_dist,6,2565928606,PYR_nWf,33.5177,0.3625,0.5933,173.2283,-0.2218,0.1421,904,2.0412,0.4507,0.0,19.6903,12.6106,0.0246,29.661,5.313,2193.3331,113.0,3.3806,16.1919,8.6416,0.2954,2.3628,81,24.0,7.0,1.0,,,,,,,,,,,,,,,,,Inh
SST_hM4D,D16-IS256,DAY02,DAY02_2021-05-01_15-59-28,08_S2,TT6_cut,CA1_dist,7,2565928607,PYR,12.243,0.2431,0.3912,228.3465,-0.2426,0.1087,1070,5.3415,0.5335,0.0,32.9907,28.6916,0.0609,28.0756,3.75,1831.7296,242.0,7.2399,7.7332,6.6466,0.5112,2.2603,183,55.0,4.0,,,,,,,,,,,,,,,,,,Inh
SST_hM4D,D16-IS256,DAY02,DAY02_2021-05-01_15-59-28,08_S2,TT6_cut,CA1_dist,8,2565928608,PYR,18.6916,0.1596,0.2506,338.5827,-0.2736,0.0723,963,1.7456,0.4802,0.3115,9.3458,9.1381,0.172,17.232,4.719,2072.7457,65.0,1.9446,25.8225,7.4129,0.1423,2.1077,58,7.0,,,,,,,,,,,,,,,,,,,Inh
SST_hM4D,D16-IS256,DAY02,DAY02_2021-05-01_15-59-28,08_S2,TT8_cut,XX,1,2565928801,PYR,11.6613,0.1447,0.1924,267.7165,-0.5044,0.0547,2161,9.5094,1.0775,0.4165,7.5891,5.2753,0.1985,17.4041,5.344,921.1276,355.0,10.6205,5.1382,8.4186,0.3998,2.4338,246,74.0,26.0,8.0,1.0,,,,,,,,,,,,,,,,Inh
SST_hM4D,D16-IS256,DAY02,DAY02_2021-05-01_15-59-28,08_S2,TT8_cut,XX,3,2565928803,PYR,8.3221,0.1715,0.2447,212.5984,-0.4015,0.0702,745,5.86,0.3715,0.0,13.6913,11.8121,0.0105,35.7736,5.625,2222.5105,122.0,3.6499,10.162,9.4157,0.4094,2.5,79,29.0,11.0,2.0,1.0,,,,,,,,,,,,,,,,Inh
SST_hM4D,D16-IS256,DAY02,DAY02_2021-05-01_15-59-28,08_S2,TT8_cut,XX,7,2565928807,PYR,12.0879,0.1265,0.1675,283.4646,-0.5106,0.0479,728,1.5676,0.363,0.0,5.9066,6.7308,0.553,11.5974,4.0,2619.3581,88.0,2.6327,19.8218,7.3001,0.2706,2.2386,70,16.0,1.0,1.0,,,,,,,,,,,,,,,,,Inh
